# Blender 4.0.2
# www.blender.org
mtllib leather_helmet.mtl
o Vintage_Helmet
v -1.663982 0.535798 1.053148
v -1.688848 0.506458 1.050828
v -1.723102 0.166284 0.912022
v -1.695176 0.166284 0.914504
v 1.688848 0.506458 1.050870
v 1.663982 0.535798 1.053148
v 1.707722 0.166284 0.908574
v 1.735646 0.166284 0.906136
v -0.514290 2.084744 2.563973
v -0.275228 1.978947 2.617807
v -0.268666 2.000595 2.611865
v -0.501398 2.112714 2.557505
v -0.275228 1.978947 2.617807
v 0.000000 1.980611 2.652631
v 0.000000 2.001384 2.647381
v -0.268666 2.000595 2.611865
v 0.514290 2.084744 2.563973
v 0.501398 2.112714 2.557505
v 0.268666 2.000595 2.611865
v 0.275228 1.978947 2.617807
v 0.275228 1.978947 2.617807
v 0.268666 2.000595 2.611865
v 0.000000 2.001384 2.647381
v 0.000000 1.980611 2.652631
v 0.000000 0.574735 -1.814856
v -0.471992 0.574287 -1.763064
v -0.535864 0.395183 -2.188338
v 0.000000 0.402581 -2.256960
v -0.876900 0.554871 -1.625496
v -1.011308 0.371163 -2.013092
v -1.217636 0.526448 -1.407862
v -1.424022 0.337701 -1.739626
v -1.492386 0.491232 -1.123408
v -1.763130 0.299938 -1.387324
v -1.705702 0.470508 -0.781154
v -2.018844 0.271856 -0.977198
v -1.853266 0.450834 -0.383436
v -2.181550 0.256324 -0.496782
v -1.916946 0.422350 0.048290
v -2.248416 0.235130 -0.001504
v 0.000000 1.212103 -1.481376
v -0.412078 1.267051 -1.433938
v -0.462810 0.686707 -1.660438
v 0.000000 0.686411 -1.719558
v -0.746002 1.344691 -1.314344
v -0.846064 0.668791 -1.525162
v -1.023876 1.375746 -1.138070
v -1.161202 0.642776 -1.321466
v -1.246738 1.383352 -0.916392
v -1.412384 0.609494 -1.061428
v -1.428790 1.383348 -0.654662
v -1.611398 0.590878 -0.741450
v -1.601588 1.366240 -0.322352
v -1.763036 0.573002 -0.369270
v -1.688932 1.365704 0.050884
v -1.835990 0.555994 0.052498
v 0.000000 2.106891 -1.071622
v -0.293976 2.147255 -1.019622
v -0.533554 2.192199 -0.926355
v -0.734828 2.207039 -0.804931
v -0.915662 2.207865 -0.651909
v -1.060906 2.204400 -0.470281
v -1.181124 2.190456 -0.220661
v -1.241218 2.181140 0.050883
v 0.000000 2.598214 0.054877
v -0.140776 2.540505 -0.460373
v 0.000000 2.538549 -0.490829
v -0.250438 2.543191 -0.409433
v -0.337202 2.546106 -0.348965
v -0.422806 2.546882 -0.264225
v -0.484560 2.546314 -0.178297
v -0.529052 2.540114 -0.069949
v -0.553926 2.528722 0.050883
v -1.741440 0.596928 0.690766
v -1.593994 0.685240 1.074130
v -1.663982 0.535798 1.053148
v -1.449398 0.683488 1.357898
v -1.510872 0.576412 1.397386
v -1.282618 0.687074 1.672942
v -1.324580 0.604342 1.738352
v -1.880342 0.456718 0.391928
v -2.205726 0.237820 0.372772
v -1.802058 0.487688 0.701722
v -2.113746 0.252776 0.742210
v -1.688848 0.506458 1.050828
v -1.998808 0.292180 1.054664
v -1.778144 0.433438 1.574682
v -1.579064 0.491971 2.046311
v -1.686284 1.375184 0.371264
v -1.804646 0.577090 0.384596
v -1.634980 1.393722 0.663611
v -1.514298 1.417564 1.032381
v -1.382758 1.423612 1.304643
v -1.223594 1.434858 1.600715
v -0.550734 2.532868 0.150999
v -0.521370 2.539452 0.257277
v -0.469898 2.549138 0.367941
v -0.406152 2.560438 0.450735
v -0.319854 2.566124 0.526743
v -1.235326 2.193614 0.304127
v -1.193542 2.211430 0.515187
v -1.099824 2.240966 0.762755
v -0.987382 2.265610 0.971391
v -0.829864 2.302678 1.197037
v -1.064322 0.627005 2.065045
v -1.313470 0.497995 2.489042
v -0.787810 0.615449 2.309044
v -0.954910 0.486457 2.778716
v -0.553510 0.621451 2.427317
v -0.654686 0.492367 2.900444
v -0.272534 0.608571 2.525366
v -0.310020 0.485715 3.000155
v 0.000000 0.609695 2.551362
v 0.000000 0.488219 3.023409
v -1.039378 0.694089 1.984208
v -0.750980 0.696669 2.189045
v -0.522028 0.695935 2.311368
v -0.257966 0.695525 2.407820
v 0.000000 0.693657 2.431514
v -0.257456 2.568420 0.577043
v -0.183028 2.569542 0.607073
v -0.105788 2.571002 0.626751
v 0.000000 2.571294 0.641023
v -0.632360 2.338650 1.377149
v -0.452308 2.354172 1.489483
v -0.286088 2.362658 1.549821
v 0.000000 2.373480 1.595869
v -0.968376 1.435374 1.903493
v -0.698896 1.425940 2.082529
v -0.477268 1.421261 2.208153
v 0.000000 1.422039 2.286169
v 0.535706 0.395589 -2.187622
v 0.471990 0.574289 -1.763066
v 1.011748 0.370573 -2.014038
v 0.876904 0.554867 -1.625492
v 1.424698 0.337053 -1.740502
v 1.217638 0.526444 -1.407858
v 1.760774 0.301816 -1.385328
v 1.492384 0.491244 -1.123418
v 2.019930 0.271092 -0.977758
v 1.705702 0.470504 -0.781148
v 2.184552 0.254350 -0.497540
v 1.853264 0.450826 -0.383422
v 2.243778 0.238126 -0.001422
v 1.916950 0.422368 0.048258
v 0.462810 0.686707 -1.660438
v 0.412078 1.267051 -1.433938
v 0.846064 0.668791 -1.525162
v 0.746002 1.344691 -1.314344
v 1.023876 1.375746 -1.138070
v 1.161202 0.642776 -1.321466
v 1.246738 1.383352 -0.916390
v 1.412382 0.609494 -1.061428
v 1.428790 1.383348 -0.654662
v 1.611398 0.590878 -0.741450
v 1.601588 1.366240 -0.322352
v 1.763036 0.573002 -0.369270
v 1.835990 0.555996 0.052498
v 1.688932 1.365704 0.050884
v 0.293976 2.147255 -1.019622
v 0.533554 2.192199 -0.926355
v 0.734828 2.207039 -0.804931
v 0.915660 2.207865 -0.651909
v 1.060906 2.204400 -0.470281
v 1.181124 2.190456 -0.220661
v 1.241218 2.181140 0.050883
v 0.140776 2.540505 -0.460373
v 0.250438 2.543191 -0.409433
v 0.337200 2.546106 -0.348965
v 0.422804 2.546882 -0.264225
v 0.484558 2.546314 -0.178297
v 0.529052 2.540116 -0.069949
v 0.553926 2.528722 0.050883
v 1.741440 0.596928 0.690766
v 1.663982 0.535798 1.053148
v 1.593994 0.685240 1.074130
v 1.510872 0.576412 1.397386
v 1.449396 0.683488 1.357898
v 1.324580 0.604344 1.738352
v 1.282618 0.687077 1.672942
v 2.202778 0.239764 0.372194
v 1.880338 0.456718 0.391892
v 2.108740 0.256174 0.740380
v 1.802052 0.487674 0.701664
v 2.000384 0.291084 1.055514
v 1.688848 0.506458 1.050870
v 1.780612 0.431716 1.576092
v 1.580454 0.491011 2.047081
v 1.804646 0.577090 0.384596
v 1.686284 1.375184 0.371264
v 1.634980 1.393722 0.663611
v 1.514298 1.417566 1.032381
v 1.382756 1.423612 1.304643
v 1.223594 1.434858 1.600715
v 0.550734 2.532868 0.150999
v 0.521368 2.539452 0.257277
v 0.469896 2.549138 0.367941
v 0.406150 2.560438 0.450735
v 0.319852 2.566124 0.526743
v 1.235326 2.193614 0.304127
v 1.193542 2.211432 0.515187
v 1.099822 2.240966 0.762755
v 0.987380 2.265610 0.971391
v 0.829864 2.302678 1.197037
v 1.316714 0.495473 2.491855
v 1.064322 0.627007 2.065045
v 0.948866 0.493427 2.768721
v 0.787810 0.615449 2.309044
v 0.653384 0.494697 2.896795
v 0.553510 0.621451 2.427317
v 0.309384 0.487797 2.996758
v 0.272534 0.608571 2.525366
v 1.039378 0.694089 1.984208
v 0.750980 0.696669 2.189045
v 0.522028 0.695935 2.311368
v 0.257966 0.695525 2.407820
v 0.257454 2.568420 0.577043
v 0.183028 2.569542 0.607073
v 0.105788 2.571002 0.626751
v 0.632358 2.338650 1.377149
v 0.452308 2.354172 1.489483
v 0.286086 2.362658 1.549821
v 0.968374 1.435374 1.903493
v 0.698896 1.425940 2.082529
v 0.477266 1.421261 2.208153
v 0.000000 0.811421 -2.039204
v 0.000000 0.583281 -2.206700
v -0.555510 0.583261 -2.145834
v -0.541396 0.812811 -1.960920
v 0.000000 0.486871 -2.341916
v -0.561642 0.481401 -2.277486
v -1.031016 0.560849 -1.984176
v -0.976472 0.792913 -1.801838
v -1.057650 0.458433 -2.098316
v -1.430206 0.527823 -1.728850
v -1.327208 0.764087 -1.572762
v -1.485484 0.424951 -1.817404
v -1.751596 0.486526 -1.395460
v -1.604010 0.726335 -1.286736
v -1.827028 0.388464 -1.449040
v -2.001576 0.462514 -0.993974
v -1.827102 0.706290 -0.927246
v -2.096652 0.359352 -1.029304
v -2.174416 0.439582 -0.527470
v -2.012798 0.685936 -0.508900
v -2.267484 0.340814 -0.533352
v -2.248888 0.405838 -0.020052
v -2.108918 0.678114 -0.016506
v -2.327466 0.322344 -0.016548
v 0.000000 1.124603 -1.899926
v -0.507070 1.177391 -1.844254
v -0.917558 1.253509 -1.698066
v -1.257242 1.280063 -1.482722
v -1.523504 1.292127 -1.206810
v -1.746636 1.288530 -0.884006
v -1.948000 1.268126 -0.477606
v -2.052868 1.253944 -0.020052
v 0.000000 1.533839 -1.768032
v -0.468586 1.611149 -1.711388
v -0.848712 1.718857 -1.574422
v -1.166940 1.765825 -1.372410
v -1.428338 1.771769 -1.123464
v -1.636238 1.775360 -0.826586
v -1.844000 1.755258 -0.446193
v -1.945934 1.768172 -0.020053
v 0.000000 2.003355 -1.588514
v -0.411590 2.096709 -1.515802
v -0.752470 2.188045 -1.398509
v -1.039292 2.210791 -1.220553
v -1.288144 2.210779 -1.008153
v -1.484410 2.203413 -0.747341
v -1.667890 2.189945 -0.402865
v -1.769136 2.175870 -0.020053
v 0.000000 2.432883 -1.407879
v -0.360104 2.475487 -1.336779
v -0.646600 2.526669 -1.205437
v 0.000000 2.729244 -1.050315
v -0.272356 2.736633 -1.009455
v 0.000000 2.970134 -0.015325
v 0.000000 2.899501 -0.661347
v -0.166654 2.901817 -0.625291
v -0.296476 2.904997 -0.564987
v -0.399188 2.908447 -0.493405
v -0.500528 2.909366 -0.393087
v -0.573632 2.908692 -0.291361
v -0.626306 2.901354 -0.163097
v -0.655752 2.887868 -0.020053
v -0.495834 2.753735 -0.926853
v -0.679550 2.764815 -0.819379
v -0.890884 2.545547 -1.059633
v -1.104596 2.749166 -0.275483
v -1.161840 2.731030 -0.020053
v -1.422248 2.523144 -0.346193
v -1.477178 2.522274 -0.020053
v -1.288728 2.543515 -0.659059
v -1.117324 2.548295 -0.877099
v -0.846480 2.765018 -0.670855
v -0.994646 2.764853 -0.504663
v -2.206374 0.448178 0.384840
v -2.077642 0.686000 0.366750
v -2.114514 0.485816 0.747984
v -2.018466 0.694668 0.728890
v -1.979826 0.507324 1.163466
v -1.887010 0.705508 1.191292
v -1.788610 0.576674 1.573970
v -1.715832 0.703434 1.527222
v -1.568072 0.609740 1.977614
v -1.518394 0.707680 1.900180
v -2.298374 0.328616 0.378788
v -2.207524 0.347220 0.758760
v -2.094136 0.386266 1.068620
v -1.838754 0.524460 1.597420
v -1.613968 0.567931 2.060843
v -2.041632 1.251314 0.364302
v -1.984014 1.256060 0.719590
v -1.826732 1.267894 1.165858
v -1.667592 1.255584 1.494637
v -1.482872 1.262828 1.860482
v -1.950900 1.793244 0.354141
v -1.887046 1.832394 0.691029
v -1.758596 1.877010 1.117881
v -1.606292 1.903638 1.433719
v -1.414170 1.923020 1.768871
v -0.651972 2.892776 0.098467
v -0.617210 2.900570 0.224281
v -0.556276 2.912038 0.355289
v -0.480812 2.925414 0.453301
v -0.378650 2.932146 0.543281
v -1.154242 2.747994 0.229771
v -1.096110 2.763970 0.411025
v -0.984496 2.790762 0.628321
v -0.844476 2.815896 0.803609
v -0.702366 2.853012 1.047605
v -1.481414 2.537408 0.283673
v -1.443624 2.547634 0.543069
v -1.333606 2.583126 0.838273
v -1.213806 2.607132 1.104393
v -1.002776 2.660718 1.372545
v -1.773864 2.189166 0.132175
v -1.646800 2.354182 0.310061
v -1.597092 2.388168 0.600563
v -1.492990 2.424926 0.939021
v -1.360854 2.460598 1.227565
v -1.154996 2.499742 1.506709
v -1.856352 2.021968 0.341513
v -1.801110 2.062128 0.668855
v -1.682796 2.110586 1.063857
v -1.535904 2.151676 1.374435
v -1.329202 2.194430 1.673747
v -1.340006 0.569087 2.516425
v -1.259972 0.636569 2.364363
v -0.974738 0.560567 2.809845
v -0.932630 0.622887 2.653214
v -0.673934 0.564947 2.944531
v -0.655258 0.629993 2.793229
v -0.320726 0.557559 3.042731
v -0.322634 0.614745 2.909302
v 0.000000 0.559843 3.072149
v 0.000000 0.616077 2.940075
v -1.230440 0.715983 2.268665
v -0.889028 0.719037 2.511155
v -0.617990 0.718169 2.655963
v -0.305388 0.717683 2.770148
v 0.000000 0.715471 2.798196
v -0.304782 2.934864 0.602829
v -0.216674 2.936192 0.638379
v -0.125236 2.937920 0.661675
v -0.038758 2.938096 0.676933
v 0.000000 2.938604 0.681841
v -0.550138 2.868016 1.159849
v -0.387238 2.878124 1.257193
v -0.233790 2.884384 1.303193
v -0.085680 2.889336 1.324885
v 0.000000 2.893584 1.337043
v -0.755748 2.708254 1.600499
v -0.542626 2.733966 1.732943
v -0.337754 2.747266 1.802301
v -0.135784 2.766804 1.853999
v 0.000000 2.782240 1.866663
v -0.870892 2.559234 1.785459
v -0.628440 2.578892 1.944657
v -0.406892 2.586615 2.034883
v -0.170892 2.594864 2.101795
v 0.000000 2.597588 2.139525
v -1.108022 1.912556 2.127131
v -1.008954 2.265357 1.993927
v -0.797258 1.894117 2.333699
v -0.724556 2.284308 2.173051
v -0.545540 1.888514 2.477807
v -0.482082 2.297750 2.280687
v -0.260342 1.881843 2.561309
v -0.213748 2.303174 2.353163
v 0.000000 1.890615 2.577953
v 0.000000 2.303700 2.388529
v -1.184752 1.274515 2.219095
v -0.857482 1.270617 2.436421
v -0.584462 1.265139 2.589749
v -0.285590 1.271329 2.676753
v 0.000000 1.269535 2.702729
v -0.557592 0.329661 -2.303368
v -0.587468 0.335573 -2.427480
v 0.000000 0.346149 -2.495488
v 0.000000 0.339963 -2.369618
v -0.535864 0.395183 -2.188338
v 0.000000 0.402581 -2.256960
v -0.563284 0.495347 -2.303636
v -0.561642 0.481401 -2.277486
v 0.000000 0.486871 -2.341916
v 0.000000 0.505697 -2.370190
v -0.594222 0.484747 -2.434538
v 0.000000 0.495379 -2.502916
v -0.606562 0.408593 -2.496968
v 0.000000 0.419341 -2.566086
v -1.053168 0.304553 -2.120868
v -1.111062 0.309071 -2.234660
v -1.011308 0.371163 -2.013092
v -1.063248 0.470019 -2.119488
v -1.057650 0.458433 -2.098316
v -1.123298 0.457967 -2.239672
v -1.147666 0.381215 -2.297686
v -1.484142 0.269421 -1.835790
v -1.566316 0.272001 -1.933518
v -1.424022 0.337701 -1.739626
v -1.496814 0.434673 -1.832630
v -1.485484 0.424951 -1.817404
v -1.582214 0.420601 -1.936048
v -1.617580 0.342973 -1.986816
v -1.835898 0.232008 -1.465592
v -1.936518 0.232674 -1.543904
v -1.763130 0.299938 -1.387324
v -1.849168 0.397196 -1.461716
v -1.827028 0.388464 -1.449040
v -1.953968 0.381108 -1.544722
v -1.998346 0.302547 -1.586046
v -2.106238 0.200678 -1.037972
v -2.221506 0.199688 -1.093112
v -2.018844 0.271856 -0.977198
v -2.118692 0.365958 -1.035286
v -2.096652 0.359352 -1.029304
v -2.239024 0.348116 -1.093728
v -2.291176 0.268678 -1.122804
v -2.277096 0.183876 -0.535840
v -2.401394 0.181878 -0.564446
v -2.181550 0.256324 -0.496782
v -2.289748 0.349138 -0.533042
v -2.267484 0.340814 -0.533352
v -2.419588 0.330236 -0.563504
v -2.476198 0.250298 -0.579260
v -2.341398 0.165456 -0.017412
v -2.469118 0.162616 -0.018414
v -2.248416 0.235130 -0.001504
v -2.353840 0.330744 -0.014892
v -2.327466 0.322344 -0.016548
v -2.487310 0.310948 -0.016206
v -2.545744 0.230574 -0.017914
v -2.298686 0.166900 0.376338
v -2.423836 0.164206 0.399014
v -2.205726 0.237820 0.372772
v -2.311500 0.332178 0.374726
v -2.298374 0.328616 0.378788
v -2.442224 0.312538 0.398812
v -2.499184 0.232242 0.411012
v -2.200116 0.184018 0.763576
v -2.321460 0.182092 0.801198
v -2.113746 0.252776 0.742210
v -2.214744 0.348968 0.754296
v -2.207524 0.347220 0.758760
v -2.341268 0.330170 0.794928
v -2.395444 0.250416 0.818324
v -2.079254 0.225212 1.095224
v -2.197110 0.224622 1.142414
v -1.998808 0.292180 1.054664
v -2.099272 0.388274 1.070610
v -2.094136 0.386266 1.068620
v -2.221568 0.371078 1.122894
v -2.271412 0.292900 1.158436
v -1.847032 0.374082 1.627884
v -1.963608 0.374198 1.678012
v -1.778144 0.433438 1.574682
v -1.867062 0.537214 1.603608
v -1.838754 0.524460 1.597420
v -1.988006 0.520756 1.658958
v -2.037200 0.442902 1.695818
v -1.644360 0.434177 2.105551
v -1.757904 0.435493 2.162817
v -1.579064 0.491971 2.046311
v -1.656038 0.599703 2.099941
v -1.613968 0.567931 2.060843
v -1.774632 0.584269 2.160923
v -1.826286 0.505875 2.192466
v -1.373646 0.438261 2.564790
v -1.470884 0.440417 2.649656
v -1.313470 0.497995 2.489042
v -1.378136 0.603923 2.569872
v -1.340006 0.569087 2.516425
v -1.480258 0.589359 2.658882
v -1.527124 0.511323 2.699231
v -0.995272 0.429209 2.864280
v -1.060988 0.430853 2.974075
v -0.954910 0.486457 2.778716
v -0.997614 0.594837 2.870669
v -0.974738 0.560567 2.809845
v -1.066700 0.579739 2.985845
v -1.098706 0.501461 3.038135
v -0.684530 0.430375 2.999137
v -0.727000 0.431991 3.119027
v -0.654686 0.492367 2.900444
v -0.686170 0.595999 3.005991
v -0.673934 0.564947 2.944531
v -0.730806 0.580871 3.131769
v -0.751432 0.502581 3.188927
v -0.324546 0.425771 3.099343
v -0.347394 0.427203 3.224693
v -0.310020 0.485715 3.000155
v -0.324654 0.591379 3.106534
v -0.320726 0.557559 3.042731
v -0.348746 0.576059 3.238037
v -0.360210 0.497685 3.297785
v 0.000000 0.425113 3.128839
v 0.000000 0.426523 3.255221
v 0.000000 0.488219 3.023409
v 0.000000 0.590721 3.136009
v 0.000000 0.559843 3.072149
v 0.000000 0.575379 3.268605
v 0.000000 0.496993 3.328883
v 0.541394 0.812811 -1.960920
v 0.555510 0.583261 -2.145834
v 0.561388 0.480953 -2.276434
v 0.976470 0.792913 -1.801838
v 1.031016 0.560851 -1.984176
v 1.057892 0.459295 -2.098522
v 1.327208 0.764087 -1.572762
v 1.430206 0.527823 -1.728850
v 1.485046 0.423171 -1.817164
v 1.604010 0.726337 -1.286736
v 1.751596 0.486526 -1.395460
v 1.831224 0.387047 -1.452154
v 1.827102 0.706290 -0.927244
v 2.001576 0.462514 -0.993974
v 2.098414 0.355546 -1.029982
v 2.012798 0.685938 -0.508900
v 2.174416 0.439582 -0.527470
v 2.268762 0.337832 -0.533398
v 2.108918 0.678114 -0.016506
v 2.248888 0.405840 -0.020052
v 2.333668 0.321158 -0.016488
v 0.507070 1.177391 -1.844254
v 0.917558 1.253511 -1.698066
v 1.257240 1.280063 -1.482722
v 1.523504 1.292127 -1.206810
v 1.746636 1.288530 -0.884006
v 1.948000 1.268128 -0.477606
v 2.052868 1.253944 -0.020052
v 0.468586 1.611149 -1.711388
v 0.848712 1.718857 -1.574422
v 1.166938 1.765827 -1.372410
v 1.428336 1.771769 -1.123464
v 1.636238 1.775360 -0.826586
v 1.844000 1.755258 -0.446193
v 1.945934 1.768172 -0.020053
v 0.411590 2.096709 -1.515802
v 0.752468 2.188045 -1.398509
v 1.039292 2.210793 -1.220553
v 1.288142 2.210779 -1.008153
v 1.484410 2.203413 -0.747341
v 1.667890 2.189945 -0.402865
v 1.769136 2.175872 -0.020053
v 0.360102 2.475487 -1.336779
v 0.646598 2.526669 -1.205437
v 0.272354 2.736633 -1.009455
v 0.166654 2.901817 -0.625291
v 0.296474 2.904997 -0.564987
v 0.399186 2.908447 -0.493405
v 0.500526 2.909366 -0.393087
v 0.573632 2.908692 -0.291361
v 0.626304 2.901354 -0.163097
v 0.655752 2.887868 -0.020053
v 0.495834 2.753735 -0.926853
v 0.679550 2.764817 -0.819379
v 0.890884 2.545549 -1.059633
v 1.161840 2.731030 -0.020053
v 1.104594 2.749166 -0.275483
v 1.422248 2.523146 -0.346193
v 1.477178 2.522274 -0.020053
v 1.288728 2.543515 -0.659059
v 1.117322 2.548295 -0.877099
v 0.846480 2.765018 -0.670855
v 0.994644 2.764853 -0.504663
v 2.077642 0.686000 0.366750
v 2.206374 0.448178 0.384840
v 2.018466 0.694670 0.728890
v 2.114514 0.485816 0.747984
v 1.887010 0.705508 1.191292
v 1.979826 0.507324 1.163466
v 1.715832 0.703434 1.527222
v 1.788610 0.576676 1.573970
v 1.518396 0.707680 1.900180
v 1.568072 0.609740 1.977614
v 2.298520 0.325218 0.378476
v 2.207236 0.344398 0.758564
v 2.078946 0.393222 1.099452
v 1.841536 0.525978 1.598320
v 1.614412 0.570823 2.059564
v 2.041632 1.251316 0.364302
v 1.984014 1.256060 0.719590
v 1.826730 1.267894 1.165858
v 1.667592 1.255586 1.494637
v 1.482872 1.262828 1.860482
v 1.950898 1.793246 0.354141
v 1.887044 1.832394 0.691029
v 1.758596 1.877010 1.117881
v 1.606292 1.903638 1.433719
v 1.414170 1.923020 1.768871
v 0.651972 2.892776 0.098467
v 0.617210 2.900570 0.224281
v 0.556276 2.912038 0.355289
v 0.480812 2.925414 0.453301
v 0.378650 2.932146 0.543281
v 1.154240 2.747994 0.229771
v 1.096110 2.763970 0.411025
v 0.984496 2.790762 0.628321
v 0.844474 2.815896 0.803609
v 0.702366 2.853012 1.047605
v 1.481414 2.537410 0.283673
v 1.443624 2.547634 0.543069
v 1.333604 2.583126 0.838273
v 1.213806 2.607132 1.104393
v 1.002776 2.660718 1.372545
v 1.646800 2.354184 0.310061
v 1.773864 2.189166 0.132175
v 1.597092 2.388168 0.600563
v 1.492990 2.424928 0.939021
v 1.360854 2.460598 1.227565
v 1.154994 2.499744 1.506709
v 1.856352 2.021968 0.341513
v 1.801108 2.062130 0.668855
v 1.682796 2.110588 1.063857
v 1.535902 2.151676 1.374437
v 1.329202 2.194430 1.673747
v 1.259972 0.636569 2.364363
v 1.340984 0.573147 2.515646
v 0.932630 0.622887 2.653214
v 0.973784 0.563287 2.806235
v 0.655258 0.629993 2.793229
v 0.673414 0.566445 2.941519
v 0.322632 0.614745 2.909302
v 0.324712 0.560651 3.039321
v 1.230440 0.715983 2.268665
v 0.889028 0.719037 2.511155
v 0.617990 0.718169 2.655963
v 0.305388 0.717683 2.770148
v 0.304782 2.934864 0.602829
v 0.216672 2.936192 0.638379
v 0.125234 2.937920 0.661675
v 0.038758 2.938096 0.676933
v 0.550138 2.868018 1.159849
v 0.387238 2.878124 1.257193
v 0.233790 2.884384 1.303193
v 0.085680 2.889336 1.324885
v 0.755746 2.708254 1.600499
v 0.542626 2.733966 1.732943
v 0.337752 2.747266 1.802301
v 0.135784 2.766804 1.853999
v 0.870892 2.559234 1.785459
v 0.628438 2.578892 1.944657
v 0.406892 2.586615 2.034883
v 0.170890 2.594864 2.101795
v 1.008952 2.265357 1.993927
v 1.108020 1.912556 2.127131
v 0.724556 2.284308 2.173051
v 0.797258 1.894117 2.333699
v 0.482082 2.297750 2.280687
v 0.545540 1.888514 2.477807
v 0.213748 2.303174 2.353163
v 0.260342 1.881843 2.561309
v 1.184752 1.274515 2.219095
v 0.857482 1.270619 2.436421
v 0.584462 1.265139 2.589749
v 0.285590 1.271329 2.676753
v 0.557592 0.329661 -2.303368
v 0.000000 0.339963 -2.369618
v 0.000000 0.346149 -2.495488
v 0.587468 0.335573 -2.427480
v 0.535706 0.395589 -2.187622
v 0.000000 0.402581 -2.256960
v 0.563284 0.495347 -2.303636
v 0.000000 0.505697 -2.370190
v 0.000000 0.486871 -2.341916
v 0.561388 0.480953 -2.276434
v 0.594222 0.484747 -2.434538
v 0.000000 0.495379 -2.502916
v 0.606562 0.408593 -2.496968
v 0.000000 0.419341 -2.566086
v 1.053168 0.304555 -2.120868
v 1.111062 0.309071 -2.234660
v 1.011748 0.370573 -2.014038
v 1.063248 0.470019 -2.119488
v 1.057892 0.459295 -2.098522
v 1.123298 0.457967 -2.239672
v 1.147666 0.381215 -2.297686
v 1.484142 0.269421 -1.835790
v 1.566316 0.272001 -1.933518
v 1.424698 0.337053 -1.740502
v 1.496814 0.434675 -1.832630
v 1.485046 0.423171 -1.817164
v 1.582214 0.420601 -1.936048
v 1.617580 0.342975 -1.986816
v 1.835898 0.232008 -1.465592
v 1.936518 0.232674 -1.543904
v 1.760774 0.301816 -1.385328
v 1.849170 0.397196 -1.461716
v 1.831224 0.387047 -1.452154
v 1.953968 0.381108 -1.544722
v 1.998346 0.302547 -1.586046
v 2.106238 0.200678 -1.037972
v 2.221506 0.199690 -1.093112
v 2.019930 0.271092 -0.977758
v 2.118692 0.365958 -1.035286
v 2.098414 0.355546 -1.029982
v 2.239024 0.348116 -1.093728
v 2.291176 0.268678 -1.122804
v 2.277096 0.183876 -0.535840
v 2.401394 0.181878 -0.564446
v 2.184552 0.254350 -0.497540
v 2.289748 0.349140 -0.533042
v 2.268762 0.337832 -0.533398
v 2.419588 0.330236 -0.563504
v 2.476198 0.250298 -0.579260
v 2.341398 0.165456 -0.017412
v 2.469118 0.162616 -0.018414
v 2.243778 0.238126 -0.001422
v 2.353840 0.330744 -0.014892
v 2.333668 0.321158 -0.016488
v 2.487310 0.310950 -0.016206
v 2.545744 0.230574 -0.017914
v 2.298686 0.166902 0.376338
v 2.423836 0.164208 0.399014
v 2.202778 0.239764 0.372194
v 2.311500 0.332178 0.374726
v 2.298520 0.325218 0.378476
v 2.442224 0.312538 0.398812
v 2.499184 0.232242 0.411012
v 2.200116 0.184020 0.763576
v 2.321460 0.182092 0.801198
v 2.108740 0.256174 0.740380
v 2.214744 0.348968 0.754296
v 2.207236 0.344398 0.758564
v 2.341268 0.330170 0.794928
v 2.395444 0.250418 0.818324
v 2.079254 0.225214 1.095224
v 2.197110 0.224622 1.142414
v 2.000384 0.291084 1.055514
v 2.099272 0.388274 1.070610
v 2.078946 0.393222 1.099452
v 2.221568 0.371080 1.122894
v 2.271412 0.292902 1.158436
v 1.847032 0.374082 1.627884
v 1.963608 0.374198 1.678012
v 1.780612 0.431716 1.576092
v 1.867062 0.537214 1.603608
v 1.841536 0.525978 1.598320
v 1.988006 0.520758 1.658958
v 2.037200 0.442902 1.695818
v 1.644360 0.434177 2.105551
v 1.757904 0.435495 2.162817
v 1.580454 0.491011 2.047081
v 1.656038 0.599703 2.099941
v 1.614412 0.570823 2.059564
v 1.774632 0.584269 2.160923
v 1.826286 0.505877 2.192466
v 1.373646 0.438261 2.564790
v 1.470884 0.440417 2.649656
v 1.316714 0.495473 2.491855
v 1.378136 0.603923 2.569872
v 1.340984 0.573147 2.515646
v 1.480258 0.589359 2.658882
v 1.527124 0.511325 2.699231
v 0.995272 0.429209 2.864280
v 1.060988 0.430855 2.974075
v 0.948866 0.493427 2.768721
v 0.997614 0.594837 2.870669
v 0.973784 0.563287 2.806235
v 1.066700 0.579739 2.985845
v 1.098706 0.501463 3.038135
v 0.684530 0.430377 2.999137
v 0.727000 0.431991 3.119027
v 0.653384 0.494697 2.896795
v 0.686170 0.596001 3.005991
v 0.673414 0.566445 2.941519
v 0.730806 0.580871 3.131769
v 0.751432 0.502583 3.188927
v 0.324546 0.425771 3.099343
v 0.347394 0.427203 3.224693
v 0.309384 0.487797 2.996758
v 0.324654 0.591379 3.106534
v 0.324712 0.560651 3.039321
v 0.348746 0.576059 3.238037
v 0.360210 0.497685 3.297785
v -0.525916 0.206567 -2.001784
v -0.530070 0.206567 -2.034746
v 0.000000 0.207081 -2.090190
v 0.000000 0.207081 -2.057568
v -0.974000 0.187345 -1.856010
v -0.984800 0.187345 -1.887478
v -1.349100 0.159293 -1.627042
v -1.367460 0.159293 -1.654502
v -1.519240 0.033890 -1.334724
v -1.544574 0.033890 -1.355770
v -1.673164 -0.270936 -0.955464
v -1.702692 -0.270936 -0.970122
v -1.837594 -0.897112 -0.470268
v -1.868414 -0.897112 -0.477712
v -1.892146 -0.985896 -0.260518
v -1.922272 -0.986142 -0.263696
v -1.869538 -0.865196 0.256060
v -1.898820 -0.865196 0.256444
v -1.929818 -0.993830 0.014596
v -1.900166 -0.993686 0.017596
v -1.783710 -0.357068 0.623648
v -1.810904 -0.357068 0.627628
v -1.695176 0.166284 0.914504
v -1.723102 0.166284 0.912022
v 0.530068 0.206567 -2.034746
v 0.525916 0.206567 -2.001784
v 0.984806 0.187345 -1.887474
v 0.974002 0.187345 -1.856010
v 1.367466 0.159293 -1.654496
v 1.349102 0.159293 -1.627042
v 1.584596 0.033890 -1.309212
v 1.559264 0.033890 -1.288152
v 1.704334 -0.270936 -0.970116
v 1.674806 -0.270936 -0.955464
v 1.870054 -0.897112 -0.477698
v 1.839236 -0.897112 -0.470268
v 1.923914 -0.986140 -0.263728
v 1.893788 -0.985896 -0.260518
v 1.901808 -0.993686 0.017596
v 1.931462 -0.993830 0.014562
v 1.900460 -0.865196 0.256404
v 1.871180 -0.865196 0.256060
v 1.812540 -0.357068 0.627566
v 1.785352 -0.357068 0.623648
v 1.735646 0.166284 0.906136
v 1.707722 0.166284 0.908574
v 0.000000 0.686411 -1.719558
v -0.462810 0.686707 -1.660438
v -0.525916 0.206567 -2.001784
v 0.000000 0.207081 -2.057568
v -0.846064 0.668791 -1.525162
v -0.974000 0.187345 -1.856010
v -1.161202 0.642776 -1.321466
v -1.349100 0.159293 -1.627042
v -1.412384 0.609494 -1.061428
v -1.519240 0.033890 -1.334724
v -1.611398 0.590878 -0.741450
v -1.673164 -0.270936 -0.955464
v -1.763036 0.573002 -0.369270
v -1.837594 -0.897112 -0.470268
v -1.835990 0.555994 0.052498
v -1.892146 -0.985896 -0.260518
v -1.804646 0.577090 0.384596
v -1.869538 -0.865196 0.256060
v -1.900166 -0.993686 0.017596
v -1.741440 0.596928 0.690766
v -1.783710 -0.357068 0.623648
v -1.663982 0.535798 1.053148
v -1.695176 0.166284 0.914504
v -1.688848 0.506458 1.050828
v -1.802058 0.487688 0.701722
v -1.880342 0.456718 0.391928
v -1.916946 0.422350 0.048290
v -1.853266 0.450834 -0.383436
v -1.705702 0.470508 -0.781154
v -1.492386 0.491232 -1.123408
v -1.217636 0.526448 -1.407862
v -0.876900 0.554871 -1.625496
v -0.471992 0.574287 -1.763064
v 0.000000 0.574735 -1.814856
v 0.471990 0.574289 -1.763066
v 0.876904 0.554867 -1.625492
v 1.217638 0.526444 -1.407858
v 1.492384 0.491244 -1.123418
v 1.705702 0.470504 -0.781148
v 1.853264 0.450826 -0.383422
v 1.916950 0.422368 0.048258
v 1.880338 0.456718 0.391892
v 1.802052 0.487674 0.701664
v 1.688848 0.506458 1.050870
v 1.663982 0.535798 1.053148
v 1.741440 0.596928 0.690766
v 1.785352 -0.357068 0.623648
v 1.707722 0.166284 0.908574
v 1.804646 0.577090 0.384596
v 1.871180 -0.865196 0.256060
v 1.835990 0.555996 0.052498
v 1.901808 -0.993686 0.017596
v 1.763036 0.573002 -0.369270
v 1.839236 -0.897112 -0.470268
v 1.893788 -0.985896 -0.260518
v 1.611398 0.590878 -0.741450
v 1.674806 -0.270936 -0.955464
v 1.412382 0.609494 -1.061428
v 1.559264 0.033890 -1.288152
v 1.161202 0.642776 -1.321466
v 1.349102 0.159293 -1.627042
v 0.846064 0.668791 -1.525162
v 0.974002 0.187345 -1.856010
v 0.462810 0.686707 -1.660438
v 0.525916 0.206567 -2.001784
v -1.683244 -2.689092 -0.360059
v -1.753202 -2.707838 -0.360059
v -1.832212 -2.412968 -0.361013
v -1.762254 -2.394222 -0.361013
v -1.643246 -2.838364 -0.385019
v -1.713206 -2.857107 -0.385019
v -1.609778 -2.963266 -0.325881
v -1.679738 -2.982012 -0.325881
v -1.646144 -2.827546 -0.284639
v -1.716104 -2.846292 -0.284639
v -1.671896 -2.731444 -0.303215
v -1.741854 -2.750190 -0.303215
v -1.671896 -2.731446 -0.182425
v -1.741854 -2.750190 -0.182425
v -1.609778 -2.963266 -0.182425
v -1.679738 -2.982012 -0.182425
v -1.609778 -2.963268 -0.122793
v -1.679738 -2.982012 -0.122793
v -1.671896 -2.731446 -0.122793
v -1.741854 -2.750190 -0.122793
v -1.671896 -2.731446 -0.000245
v -1.741854 -2.750190 -0.000245
v -1.646144 -2.827546 -0.018673
v -1.716104 -2.846292 -0.018673
v -1.609778 -2.963268 0.020663
v -1.679738 -2.982012 0.020663
v -1.643246 -2.838364 0.080893
v -1.713206 -2.857107 0.080893
v -1.683244 -2.689092 0.056135
v -1.753202 -2.707838 0.056135
v -1.762254 -2.394222 0.055793
v -1.832212 -2.412968 0.055793
v -1.643246 -2.838364 -0.385019
v -1.646144 -2.827546 -0.284639
v -1.609778 -2.963266 -0.325881
v -1.646144 -2.827546 -0.018673
v -1.643246 -2.838364 0.080893
v -1.609778 -2.963268 0.020663
v -1.683244 -2.689092 -0.360059
v -1.671896 -2.731444 -0.303215
v -1.609778 -2.963266 -0.182425
v -1.671896 -2.731446 -0.182425
v -1.671896 -2.731446 -0.122793
v -1.609778 -2.963268 -0.122793
v -1.671896 -2.731446 -0.000245
v -1.683244 -2.689092 0.056135
v -1.762254 -2.394222 -0.361013
v -1.762254 -2.394222 0.055793
v 1.819618 -1.749280 0.082223
v 1.819618 -1.608040 0.082222
v 1.819618 -1.608040 -0.341500
v 1.819618 -1.749282 -0.341499
v 1.819618 -1.556014 0.023900
v 1.819618 -1.556014 -0.283179
v 1.819618 -1.377586 0.023900
v 1.819618 -1.325560 0.082222
v 1.819618 -1.325560 -0.341500
v 1.819618 -1.377586 -0.283180
v 1.819618 -1.184320 0.082222
v 1.819618 -1.184320 -0.341500
v 1.960858 -1.749282 0.082223
v 1.960858 -1.749282 -0.341499
v 1.960858 -1.608040 -0.341500
v 1.960858 -1.608040 0.082222
v 1.960858 -1.556014 -0.283179
v 1.960858 -1.556014 0.023900
v 1.960858 -1.377586 0.023900
v 1.960858 -1.377586 -0.283180
v 1.960858 -1.325560 -0.341500
v 1.960858 -1.325560 0.082222
v 1.960858 -1.184320 -0.341500
v 1.960858 -1.184320 0.082222
v 1.819618 -1.749280 0.082223
v 1.819618 -1.749282 -0.341499
v 1.819618 -1.749282 -0.341499
v 1.819618 -1.608040 -0.341500
v 1.819618 -1.556014 -0.283179
v 1.819618 -1.377586 -0.283180
v 1.819618 -1.325560 -0.341500
v 1.819618 -1.184320 -0.341500
v 1.819618 -1.184320 -0.341500
v 1.819618 -1.184320 0.082222
v 1.819618 -1.184320 0.082222
v 1.819618 -1.325560 0.082222
v 1.819618 -1.377586 0.023900
v 1.819618 -1.556014 0.023900
v 1.819618 -1.608040 0.082222
v 1.819618 -1.749280 0.082223
v 1.819618 -1.466800 -0.269872
v 1.819618 -1.466800 0.010594
v 1.960858 -1.466800 0.010594
v 1.960858 -1.466800 -0.269874
v 1.819618 -1.466800 -0.269872
v 1.819618 -1.466800 0.010594
v -1.941626 -1.294232 0.145052
v -1.888386 -0.781832 0.145052
v -1.908382 -0.781408 0.145052
v -1.961658 -1.295480 0.145052
v -1.961658 -1.295480 -0.354948
v -1.908382 -0.781408 -0.354948
v -1.888386 -0.781832 -0.354948
v -1.941626 -1.294232 -0.354948
v -1.819140 -1.829156 0.145053
v -1.839082 -1.831012 0.145053
v -1.839082 -1.831012 -0.354947
v -1.819140 -1.829156 -0.354947
v -1.801164 -2.280086 0.145053
v -1.821288 -2.277402 0.145053
v -1.821288 -2.277402 -0.354947
v -1.801164 -2.280086 -0.354947
v -1.940816 -2.723684 0.145053
v -1.960162 -2.718534 0.145053
v -1.960162 -2.718534 -0.354947
v -1.940816 -2.723684 -0.354947
v -2.060874 -3.272630 0.145053
v -2.080930 -3.270722 0.145053
v -2.080930 -3.270722 -0.354947
v -2.060874 -3.272630 -0.354947
v -2.044924 -3.894948 0.145053
v -2.064918 -3.895459 0.145053
v -2.064918 -3.895459 -0.354947
v -2.044924 -3.894948 -0.354947
v 1.968348 -1.038684 0.116186
v 1.886778 -0.797706 0.116186
v 1.868916 -0.806700 0.116186
v 1.947588 -1.041924 0.116186
v 1.947588 -1.041924 -0.383814
v 1.868916 -0.806700 -0.383814
v 1.886778 -0.797706 -0.383814
v 1.968348 -1.038684 -0.383814
v 1.963330 -1.293606 0.116186
v 1.943576 -1.290480 0.116186
v 1.943576 -1.290480 -0.383814
v 1.963330 -1.293606 -0.383814
v 1.995230 -1.305336 0.098140
v 1.965792 -1.195472 0.114022
v 1.956490 -1.199396 0.123926
v 1.986200 -1.310272 0.107898
v 1.975912 -1.310514 0.098140
v 1.946474 -1.200650 0.114022
v 1.955774 -1.196726 0.104118
v 1.984942 -1.305578 0.088382
v 2.020584 -1.399960 0.062468
v 2.012430 -1.408164 0.070994
v 2.001266 -1.405136 0.062468
v 2.009420 -1.396932 0.053942
v 2.037770 -1.464102 -0.012788
v 2.030566 -1.475848 -0.008418
v 2.018452 -1.469278 -0.012788
v 2.025658 -1.457532 -0.017156
v 2.042706 -1.482520 -0.147418
v 2.035680 -1.494934 -0.147940
v 2.023388 -1.487696 -0.147418
v 2.030414 -1.475280 -0.146894
v 2.034490 -1.451856 -0.275264
v 2.027170 -1.463176 -0.280352
v 2.015172 -1.457032 -0.275264
v 2.022490 -1.445712 -0.270176
v 2.016834 -1.385968 -0.343950
v 2.008564 -1.393734 -0.352744
v 1.997516 -1.391144 -0.343950
v 2.005788 -1.383378 -0.335158
v 1.992888 -1.296596 -0.373198
v 1.983742 -1.301100 -0.383058
v 1.973570 -1.301772 -0.373198
v 1.982716 -1.297268 -0.363336
v 1.965794 -1.195484 -0.382724
v 1.956370 -1.198948 -0.392682
v 1.946476 -1.200660 -0.382724
v 1.955902 -1.197196 -0.372764
v -0.692248 2.185256 2.700553
v -0.529808 2.128896 2.748457
v -0.514290 2.084744 2.563973
v -0.729496 2.129689 2.473505
v -1.161704 2.095179 2.167475
v -0.951450 2.162884 2.325213
v -0.951718 2.143330 2.250551
v -1.176058 2.067636 2.067525
v -1.407884 1.939844 1.817969
v -1.565446 1.778490 1.591611
v -1.545728 1.804814 1.675415
v -1.391320 1.967742 1.915803
v -1.640642 1.592900 1.465943
v -1.668544 1.416862 1.461581
v -1.664572 1.428006 1.518761
v -1.645686 1.601550 1.524071
v -1.587776 1.154784 1.721033
v -1.600850 1.174282 1.780776
v -1.656322 1.278710 1.616863
v -1.651960 1.264562 1.552678
v -1.208374 1.299857 2.772131
v -1.412060 1.156196 2.071074
v -1.170122 1.144143 2.366670
v -1.047828 1.246713 2.831905
v -0.862940 1.238203 2.883505
v -0.856890 1.169015 2.630433
v -0.670170 1.223951 2.723509
v -0.678446 1.277137 2.918313
v -0.518074 1.356719 2.933619
v -0.508240 1.314855 2.780113
v -0.365874 1.428725 2.794735
v -0.380688 1.465931 2.931549
v -0.270068 1.599799 2.913781
v -0.241024 1.547469 2.720731
v -0.166412 1.692895 2.691421
v -0.197896 1.744679 2.882639
v -0.951948 2.121005 2.333787
v -0.877482 2.195153 2.654035
v -1.161410 2.054286 2.176325
v -1.390128 1.931504 1.928293
v -1.220108 2.072034 2.586969
v -1.061628 2.154832 2.614145
v -1.545312 1.777100 1.690431
v -1.624160 1.602290 1.565245
v -1.423786 1.816317 2.581309
v -1.343852 1.956089 2.575145
v -1.450842 1.662049 2.608101
v -1.649760 1.439088 1.556067
v -1.628322 1.300006 1.637769
v -1.419194 1.514031 2.653795
v -1.335266 1.391131 2.710617
v -1.574558 1.209630 1.791879
v -0.335156 1.607799 2.856825
v -0.310276 1.743265 2.828421
v -0.877458 1.722813 2.791665
v -0.339228 1.875711 2.792583
v -0.417182 1.989795 2.752463
v -0.537118 2.077974 2.709087
v -0.689966 2.131070 2.664385
v -0.865688 2.140491 2.620391
v -1.040390 2.102196 2.582415
v -1.189454 2.024183 2.556495
v -1.303972 1.916620 2.545029
v -1.376062 1.790169 2.550041
v -1.399946 1.653501 2.573483
v -1.371994 1.522519 2.614221
v -1.296298 1.411615 2.666125
v -1.178862 1.327187 2.723629
v -1.027854 1.277261 2.780227
v -0.852448 1.269219 2.829313
v -0.677430 1.306115 2.862201
v -0.526526 1.380861 2.876249
v -0.409504 1.484539 2.873619
v -1.390128 1.931504 1.928293
v -1.428552 1.117779 2.081510
v -1.413506 1.095900 2.017237
v -1.166334 1.078417 2.308392
v -1.176652 1.102262 2.377048
v -0.854446 1.126569 2.640656
v -0.855252 1.106423 2.567204
v -0.659072 1.161653 2.657319
v -0.658508 1.183349 2.733573
v -0.488080 1.278605 2.790533
v -0.483448 1.257561 2.717447
v -0.357454 1.410833 2.728781
v -0.721346 2.154548 2.403027
v -0.727930 2.169809 2.464325
v -1.407884 1.939844 1.817969
v -1.391320 1.967742 1.915803
v 0.000000 1.706309 2.717117
v 0.000000 1.745395 2.909231
v -0.501398 2.112714 2.557505
v -0.268666 2.000595 2.611865
v -0.267604 1.995469 2.587959
v -0.497140 2.102683 2.513533
v 0.000000 1.997327 2.627491
v 0.000000 2.001384 2.647381
v -0.279902 2.022739 2.805367
v -0.275228 1.978947 2.617807
v 0.000000 2.017809 2.834917
v 0.000000 1.980611 2.652631
v 0.692248 2.185256 2.700553
v 0.729496 2.129689 2.473505
v 0.514290 2.084744 2.563973
v 0.529808 2.128896 2.748457
v 1.161704 2.095179 2.167475
v 1.176058 2.067636 2.067525
v 0.951718 2.143330 2.250551
v 0.951450 2.162884 2.325213
v 1.407884 1.939842 1.817969
v 1.391320 1.967742 1.915803
v 1.545726 1.804814 1.675415
v 1.565444 1.778490 1.591611
v 1.640642 1.592900 1.465943
v 1.645686 1.601550 1.524071
v 1.664572 1.428006 1.518761
v 1.668544 1.416862 1.461581
v 1.587774 1.154784 1.721033
v 1.651960 1.264562 1.552680
v 1.656322 1.278710 1.616865
v 1.600850 1.174282 1.780776
v 1.208374 1.299857 2.772131
v 1.047828 1.246713 2.831903
v 1.170122 1.144143 2.366670
v 1.412060 1.156196 2.071074
v 0.862940 1.238201 2.883503
v 0.678448 1.277137 2.918313
v 0.670170 1.223951 2.723509
v 0.856890 1.169015 2.630433
v 0.518074 1.356719 2.933619
v 0.380688 1.465931 2.931549
v 0.365874 1.428725 2.794735
v 0.508240 1.314855 2.780113
v 0.270068 1.599799 2.913781
v 0.197896 1.744679 2.882639
v 0.166412 1.692895 2.691421
v 0.241024 1.547467 2.720731
v 0.877482 2.195153 2.654037
v 0.951948 2.121005 2.333787
v 1.161410 2.054286 2.176325
v 1.061628 2.154830 2.614145
v 1.220108 2.072034 2.586969
v 1.390128 1.931504 1.928295
v 1.545312 1.777100 1.690433
v 1.343852 1.956089 2.575145
v 1.423786 1.816317 2.581309
v 1.624158 1.602290 1.565245
v 1.450842 1.662049 2.608101
v 1.419194 1.514031 2.653795
v 1.628322 1.300006 1.637769
v 1.649758 1.439088 1.556067
v 1.335266 1.391131 2.710617
v 1.574558 1.209630 1.791879
v 0.335156 1.607799 2.856825
v 0.877458 1.722813 2.791665
v 0.310276 1.743265 2.828421
v 0.339228 1.875711 2.792581
v 0.417182 1.989795 2.752463
v 0.537118 2.077974 2.709087
v 0.689966 2.131070 2.664385
v 0.865688 2.140491 2.620391
v 1.040390 2.102196 2.582415
v 1.189454 2.024183 2.556495
v 1.303972 1.916620 2.545029
v 1.376062 1.790169 2.550041
v 1.399946 1.653501 2.573483
v 1.371994 1.522519 2.614221
v 1.296298 1.411615 2.666125
v 1.178862 1.327187 2.723629
v 1.027854 1.277261 2.780227
v 0.852448 1.269219 2.829313
v 0.677430 1.306115 2.862201
v 0.526526 1.380861 2.876249
v 0.409504 1.484539 2.873619
v 1.390128 1.931504 1.928295
v 1.428552 1.117779 2.081510
v 1.176652 1.102262 2.377048
v 1.166334 1.078417 2.308393
v 1.413506 1.095900 2.017237
v 0.854448 1.126569 2.640653
v 0.658508 1.183349 2.733573
v 0.659072 1.161653 2.657319
v 0.855252 1.106423 2.567204
v 0.488080 1.278605 2.790533
v 0.357454 1.410833 2.728781
v 0.483448 1.257561 2.717447
v 0.721346 2.154546 2.403027
v 0.727930 2.169809 2.464325
v 1.391320 1.967742 1.915803
v 1.407884 1.939842 1.817969
v 0.501398 2.112714 2.557505
v 0.497140 2.102683 2.513533
v 0.267604 1.995469 2.587959
v 0.268666 2.000595 2.611865
v 0.275228 1.978947 2.617807
v 0.279902 2.022739 2.805367
v -1.888386 -0.781832 -0.354948
v -1.908382 -0.781408 -0.354948
v -1.908382 -0.781408 0.145052
v -1.888386 -0.781832 0.145052
v -2.064918 -3.895459 0.145053
v -2.064918 -3.895459 -0.354947
v -2.044924 -3.894948 -0.354947
v -2.044924 -3.894948 0.145053
v 1.886778 -0.797706 -0.383814
v 1.868916 -0.806700 -0.383814
v 1.868916 -0.806700 0.116186
v 1.886778 -0.797706 0.116186
v 1.943576 -1.290480 0.116186
v 1.943576 -1.290480 -0.383814
v 1.963330 -1.293606 -0.383814
v 1.963330 -1.293606 0.116186
v 1.955774 -1.196726 0.104118
v 1.946474 -1.200650 0.114022
v 1.956490 -1.199396 0.123926
v 1.965792 -1.195472 0.114022
v 1.956370 -1.198948 -0.392682
v 1.946476 -1.200660 -0.382724
v 1.955902 -1.197196 -0.372764
v 1.965794 -1.195484 -0.382724
v -0.270068 1.599799 2.913781
v -0.197896 1.744679 2.882639
v -0.321432 1.755087 2.872337
v -0.346312 1.619619 2.900741
v -0.242212 1.892547 2.853593
v -0.350382 1.887533 2.836497
v -0.279902 2.022739 2.805367
v -0.428336 2.001617 2.796379
v -0.529808 2.128896 2.748457
v -0.692248 2.185256 2.700553
v -0.701120 2.142892 2.708301
v -0.548274 2.089797 2.753003
v -0.877482 2.195153 2.654035
v -0.876842 2.152313 2.664307
v -1.061628 2.154832 2.614145
v -1.051544 2.114018 2.626331
v -1.220108 2.072034 2.586969
v -1.200608 2.036005 2.600411
v -1.343852 1.956089 2.575145
v -1.315126 1.928441 2.588945
v -1.423786 1.816317 2.581309
v -1.387216 1.801991 2.593957
v -1.450842 1.662049 2.608101
v -1.411100 1.665323 2.617399
v -1.419194 1.514031 2.653795
v -1.383148 1.534339 2.658137
v -1.335266 1.391131 2.710617
v -1.307452 1.423435 2.710041
v -1.208374 1.299857 2.772131
v -1.190016 1.339007 2.767545
v -1.047828 1.246713 2.831905
v -1.039008 1.289083 2.824143
v -0.862940 1.238203 2.883505
v -0.863602 1.281041 2.873229
v -0.678446 1.277137 2.918313
v -0.688584 1.317937 2.906117
v -0.518074 1.356719 2.933619
v -0.537680 1.392683 2.920165
v -0.380688 1.465931 2.931549
v -0.420658 1.496359 2.917535
v 0.000000 1.898873 2.873315
v 0.000000 1.745395 2.909231
v 0.000000 2.017809 2.834917
v 0.270068 1.599799 2.913781
v 0.346312 1.619619 2.900741
v 0.321432 1.755087 2.872335
v 0.197896 1.744679 2.882639
v 0.350382 1.887533 2.836497
v 0.242212 1.892547 2.853593
v 0.279902 2.022739 2.805367
v 0.428336 2.001617 2.796379
v 0.529808 2.128896 2.748457
v 0.548274 2.089797 2.753003
v 0.701122 2.142892 2.708301
v 0.692248 2.185256 2.700553
v 0.876842 2.152313 2.664307
v 0.877482 2.195153 2.654037
v 1.051544 2.114018 2.626331
v 1.061628 2.154830 2.614145
v 1.200608 2.036003 2.600411
v 1.220108 2.072034 2.586969
v 1.315126 1.928441 2.588945
v 1.343852 1.956089 2.575145
v 1.387216 1.801991 2.593957
v 1.423786 1.816317 2.581309
v 1.411100 1.665323 2.617399
v 1.450842 1.662049 2.608101
v 1.383148 1.534339 2.658137
v 1.419194 1.514031 2.653795
v 1.307452 1.423435 2.710041
v 1.335266 1.391131 2.710617
v 1.190016 1.339007 2.767545
v 1.208374 1.299857 2.772131
v 1.039008 1.289083 2.824143
v 1.047828 1.246713 2.831903
v 0.863602 1.281041 2.873229
v 0.862940 1.238201 2.883503
v 0.688584 1.317937 2.906117
v 0.678448 1.277137 2.918313
v 0.537680 1.392683 2.920165
v 0.518074 1.356719 2.933619
v 0.420658 1.496359 2.917535
v 0.380688 1.465931 2.931549
v -1.941626 -1.294232 -0.354948
v -1.888386 -0.781832 -0.354948
v -1.888386 -0.781832 0.145052
v -1.941626 -1.294232 0.145052
v -1.961658 -1.295480 0.145052
v -1.908382 -0.781408 0.145052
v -1.908382 -0.781408 -0.354948
v -1.961658 -1.295480 -0.354948
v -1.819140 -1.829156 -0.354947
v -1.819140 -1.829156 0.145053
v -1.839082 -1.831012 0.145053
v -1.839082 -1.831012 -0.354947
v -1.801164 -2.280086 -0.354947
v -1.801164 -2.280086 0.145053
v -1.821288 -2.277402 0.145053
v -1.821288 -2.277402 -0.354947
v -1.940816 -2.723684 -0.354947
v -1.940816 -2.723684 0.145053
v -1.960162 -2.718534 0.145053
v -1.960162 -2.718534 -0.354947
v -2.060874 -3.272630 -0.354947
v -2.060874 -3.272630 0.145053
v -2.080930 -3.270722 0.145053
v -2.080930 -3.270722 -0.354947
v -2.044924 -3.894948 -0.354947
v -2.044924 -3.894948 0.145053
v -2.064918 -3.895459 0.145053
v -2.064918 -3.895459 -0.354947
v 1.968348 -1.038684 -0.383814
v 1.886778 -0.797706 -0.383814
v 1.886778 -0.797706 0.116186
v 1.968348 -1.038684 0.116186
v 1.947588 -1.041924 0.116186
v 1.868916 -0.806700 0.116186
v 1.868916 -0.806700 -0.383814
v 1.947588 -1.041924 -0.383814
v 1.963330 -1.293606 -0.383814
v 1.963330 -1.293606 0.116186
v 1.943576 -1.290480 0.116186
v 1.943576 -1.290480 -0.383814
v 1.984942 -1.305578 0.088382
v 1.955774 -1.196726 0.104118
v 1.965792 -1.195472 0.114022
v 1.995230 -1.305336 0.098140
v 1.986200 -1.310272 0.107898
v 1.956490 -1.199396 0.123926
v 1.946474 -1.200650 0.114022
v 1.975912 -1.310514 0.098140
v 2.009420 -1.396932 0.053942
v 2.020584 -1.399960 0.062468
v 2.012430 -1.408164 0.070994
v 2.001266 -1.405136 0.062468
v 2.025658 -1.457532 -0.017156
v 2.037770 -1.464102 -0.012788
v 2.030566 -1.475848 -0.008418
v 2.018452 -1.469278 -0.012788
v 2.030414 -1.475280 -0.146894
v 2.042706 -1.482520 -0.147418
v 2.035680 -1.494934 -0.147940
v 2.023388 -1.487696 -0.147418
v 2.022490 -1.445712 -0.270176
v 2.034490 -1.451856 -0.275264
v 2.027170 -1.463176 -0.280352
v 2.015172 -1.457032 -0.275264
v 2.005788 -1.383378 -0.335158
v 2.016834 -1.385968 -0.343950
v 2.008564 -1.393734 -0.352744
v 1.997516 -1.391144 -0.343950
v 1.982716 -1.297268 -0.363336
v 1.992888 -1.296596 -0.373198
v 1.983742 -1.301100 -0.383058
v 1.973570 -1.301772 -0.373198
v 1.955902 -1.197196 -0.372764
v 1.965794 -1.195484 -0.382724
v 1.956370 -1.198948 -0.392682
v 1.946476 -1.200660 -0.382724
v -0.346312 1.619619 2.900741
v -0.321432 1.755087 2.872337
v -0.310276 1.743265 2.828421
v -0.335156 1.607799 2.856825
v -0.350382 1.887533 2.836497
v -0.339228 1.875711 2.792583
v -0.428336 2.001617 2.796379
v -0.417182 1.989795 2.752463
v -0.548274 2.089797 2.753003
v -0.537118 2.077974 2.709087
v -0.701120 2.142892 2.708301
v -0.689966 2.131070 2.664385
v -0.876842 2.152313 2.664307
v -0.865688 2.140491 2.620391
v -1.051544 2.114018 2.626331
v -1.040390 2.102196 2.582415
v -1.200608 2.036005 2.600411
v -1.189454 2.024183 2.556495
v -1.315126 1.928441 2.588945
v -1.303972 1.916620 2.545029
v -1.387216 1.801991 2.593957
v -1.376062 1.790169 2.550041
v -1.411100 1.665323 2.617399
v -1.399946 1.653501 2.573483
v -1.383148 1.534339 2.658137
v -1.371994 1.522519 2.614221
v -1.307452 1.423435 2.710041
v -1.296298 1.411615 2.666125
v -1.190016 1.339007 2.767545
v -1.178862 1.327187 2.723629
v -1.039008 1.289083 2.824143
v -1.027854 1.277261 2.780227
v -0.863602 1.281041 2.873229
v -0.852448 1.269219 2.829313
v -0.688584 1.317937 2.906117
v -0.677430 1.306115 2.862201
v -0.537680 1.392683 2.920165
v -0.526526 1.380861 2.876249
v -0.420658 1.496359 2.917535
v -0.409504 1.484539 2.873619
v -0.365874 1.428725 2.794735
v -0.508240 1.314855 2.780113
v -0.488080 1.278605 2.790533
v -0.670170 1.223951 2.723509
v -0.658508 1.183349 2.733573
v -0.856890 1.169015 2.630433
v -0.854446 1.126569 2.640656
v -1.170122 1.144143 2.366670
v -1.176652 1.102262 2.377048
v -1.412060 1.156196 2.071074
v -1.428552 1.117779 2.081510
v -1.574558 1.209630 1.791879
v -1.600850 1.174282 1.780776
v -1.628322 1.300006 1.637769
v -1.656322 1.278710 1.616863
v -1.664572 1.428006 1.518761
v -1.649760 1.439088 1.556067
v -1.624160 1.602290 1.565245
v -1.645686 1.601550 1.524071
v -1.545312 1.777100 1.690431
v -1.545728 1.804814 1.675415
v -1.390128 1.931504 1.928293
v -1.391320 1.967742 1.915803
v -1.390128 1.931504 1.928293
v -1.161410 2.054286 2.176325
v -1.161704 2.095179 2.167475
v -1.391320 1.967742 1.915803
v -0.951948 2.121005 2.333787
v -0.951450 2.162884 2.325213
v -0.729496 2.129689 2.473505
v -0.727930 2.169809 2.464325
v -0.514290 2.084744 2.563973
v -0.501398 2.112714 2.557505
v 0.346312 1.619619 2.900741
v 0.335156 1.607799 2.856825
v 0.310276 1.743265 2.828421
v 0.321432 1.755087 2.872335
v 0.339228 1.875711 2.792581
v 0.350382 1.887533 2.836497
v 0.417182 1.989795 2.752463
v 0.428336 2.001617 2.796379
v 0.537118 2.077974 2.709087
v 0.548274 2.089797 2.753003
v 0.689966 2.131070 2.664385
v 0.701122 2.142892 2.708301
v 0.865688 2.140491 2.620391
v 0.876842 2.152313 2.664307
v 1.040390 2.102196 2.582415
v 1.051544 2.114018 2.626331
v 1.189454 2.024183 2.556495
v 1.200608 2.036003 2.600411
v 1.303972 1.916620 2.545029
v 1.315126 1.928441 2.588945
v 1.376062 1.790169 2.550041
v 1.387216 1.801991 2.593957
v 1.399946 1.653501 2.573483
v 1.411100 1.665323 2.617399
v 1.371994 1.522519 2.614221
v 1.383148 1.534339 2.658137
v 1.296298 1.411615 2.666125
v 1.307452 1.423435 2.710041
v 1.178862 1.327187 2.723629
v 1.190016 1.339007 2.767545
v 1.027854 1.277261 2.780227
v 1.039008 1.289083 2.824143
v 0.852448 1.269219 2.829313
v 0.863602 1.281041 2.873229
v 0.677430 1.306115 2.862201
v 0.688584 1.317937 2.906117
v 0.526526 1.380861 2.876249
v 0.537680 1.392683 2.920165
v 0.409504 1.484539 2.873619
v 0.420658 1.496359 2.917535
v 0.365874 1.428725 2.794735
v 0.488080 1.278605 2.790533
v 0.508240 1.314855 2.780113
v 0.658508 1.183349 2.733573
v 0.670170 1.223951 2.723509
v 0.854448 1.126569 2.640653
v 0.856890 1.169015 2.630433
v 1.176652 1.102262 2.377048
v 1.170122 1.144143 2.366670
v 1.428552 1.117779 2.081510
v 1.412060 1.156196 2.071074
v 1.600850 1.174282 1.780776
v 1.574558 1.209630 1.791879
v 1.656322 1.278710 1.616865
v 1.628322 1.300006 1.637769
v 1.664572 1.428006 1.518761
v 1.649758 1.439088 1.556067
v 1.645686 1.601550 1.524071
v 1.624158 1.602290 1.565245
v 1.545726 1.804814 1.675415
v 1.545312 1.777100 1.690433
v 1.391320 1.967742 1.915803
v 1.390128 1.931504 1.928295
v 1.390128 1.931504 1.928295
v 1.391320 1.967742 1.915803
v 1.161704 2.095179 2.167475
v 1.161410 2.054286 2.176325
v 0.951450 2.162884 2.325213
v 0.951948 2.121005 2.333787
v 0.727930 2.169809 2.464325
v 0.729496 2.129689 2.473505
v 0.501398 2.112714 2.557505
v 0.514290 2.084744 2.563973
vn 0.1225 -0.3711 0.9205
vn -0.1346 -0.3887 0.9115
vn -0.0922 0.2755 0.9569
vn -0.1247 0.2711 0.9544
vn -0.1247 0.2711 0.9545
vn 0.0922 0.2755 0.9569
vn 0.1247 0.2711 0.9544
vn 0.1247 0.2711 0.9545
vn -0.0021 -0.6427 -0.7661
vn -0.1327 -0.6572 -0.7419
vn 0.1291 -0.8975 0.4218
vn -0.0000 -0.9030 0.4296
vn -0.2692 -0.6655 -0.6962
vn 0.2534 -0.8853 0.3899
vn -0.4112 -0.6736 -0.6141
vn 0.3606 -0.8715 0.3323
vn -0.5468 -0.7588 -0.3539
vn 0.4358 -0.8602 0.2647
vn -0.4847 -0.8477 -0.2156
vn 0.4921 -0.8497 0.1895
vn -0.4511 -0.8790 -0.1543
vn 0.5328 -0.8414 0.0903
vn -0.4625 -0.8866 -0.0089
vn 0.5519 -0.8338 -0.0106
vn -0.0000 -0.3997 0.9167
vn 0.1548 -0.3897 0.9078
vn 0.2044 -0.4919 0.8463
vn -0.0022 -0.5019 0.8649
vn 0.3514 -0.3921 0.8502
vn 0.4031 -0.4717 0.7842
vn 0.5602 -0.3859 0.7330
vn 0.6257 -0.4149 0.6606
vn 0.7117 -0.3698 0.5973
vn 0.7890 -0.2862 0.5436
vn 0.8053 -0.3581 0.4726
vn 0.8854 -0.1815 0.4279
vn 0.8906 -0.3354 0.3071
vn 0.9537 -0.1389 0.2669
vn 0.9418 -0.3201 0.1021
vn 0.9923 -0.1179 0.0376
vn -0.0000 -0.6104 0.7921
vn 0.1124 -0.6412 0.7591
vn 0.2586 -0.6775 0.6886
vn 0.4029 -0.6931 0.5977
vn 0.5254 -0.6915 0.4957
vn 0.6238 -0.6906 0.3660
vn 0.6854 -0.6970 0.2105
vn 0.7075 -0.7027 0.0756
vn -0.0000 -0.9997 0.0259
vn 0.0848 -0.9376 0.3372
vn -0.0000 -0.9264 0.3766
vn 0.1420 -0.9453 0.2936
vn 0.1856 -0.9491 0.2545
vn 0.2292 -0.9527 0.1996
vn 0.2748 -0.9537 0.1224
vn 0.3039 -0.9524 0.0239
vn 0.3105 -0.9505 0.0073
vn 0.9669 -0.1012 -0.2343
vn 0.8966 -0.2328 -0.3766
vn 0.8785 -0.3863 -0.2811
vn 0.8472 -0.3319 -0.4148
vn 0.6296 -0.7475 -0.2116
vn 0.7769 -0.4017 -0.4849
vn 0.4961 -0.8300 -0.2547
vn -0.4100 -0.8995 0.1513
vn 0.5731 -0.8161 -0.0742
vn -0.3892 -0.9014 0.1898
vn 0.5910 -0.7990 -0.1108
vn 0.4268 -0.8995 -0.0937
vn 0.5865 -0.8048 -0.0913
vn 0.5196 -0.8519 -0.0652
vn 0.4256 -0.8914 -0.1559
vn 0.9462 -0.3148 -0.0746
vn 0.9858 -0.0961 -0.1379
vn 0.9245 -0.3146 -0.2151
vn 0.8828 -0.3192 -0.3445
vn 0.8471 -0.3197 -0.4245
vn 0.7800 -0.3335 -0.5296
vn 0.2960 -0.9551 0.0083
vn 0.2753 -0.9610 -0.0262
vn 0.2602 -0.9642 -0.0518
vn 0.2143 -0.9735 -0.0804
vn 0.1473 -0.9823 -0.1155
vn 0.6995 -0.7140 -0.0301
vn 0.6793 -0.7235 -0.1227
vn 0.6387 -0.7410 -0.2074
vn 0.6043 -0.7516 -0.2644
vn 0.5365 -0.7709 -0.3434
vn 0.3345 -0.8854 -0.3228
vn 0.3111 -0.9097 -0.2752
vn 0.2163 -0.9170 -0.3351
vn 0.2054 -0.9142 -0.3494
vn 0.1528 -0.9169 -0.3687
vn 0.1272 -0.9193 -0.3723
vn 0.0701 -0.9094 -0.4099
vn 0.0654 -0.9190 -0.3889
vn 0.0004 -0.9126 -0.4088
vn 0.0009 -0.9203 -0.3913
vn 0.6233 -0.4790 -0.6181
vn 0.4542 -0.5394 -0.7091
vn 0.3206 -0.5730 -0.7542
vn 0.1809 -0.5747 -0.7981
vn -0.0000 -0.5551 -0.8318
vn 0.1128 -0.9846 -0.1339
vn 0.0651 -0.9888 -0.1343
vn 0.0394 -0.9908 -0.1296
vn -0.0000 -0.9913 -0.1314
vn 0.4219 -0.8013 -0.4241
vn 0.2939 -0.8139 -0.5011
vn 0.1773 -0.8225 -0.5404
vn -0.0000 -0.8250 -0.5651
vn 0.6197 -0.3539 -0.7006
vn 0.4788 -0.3698 -0.7962
vn 0.3026 -0.3725 -0.8773
vn -0.0000 -0.3901 -0.9208
vn -0.1291 -0.8975 0.4216
vn 0.1278 -0.6549 -0.7448
vn -0.2536 -0.8852 0.3901
vn 0.2675 -0.6613 -0.7008
vn -0.3608 -0.8714 0.3324
vn 0.4220 -0.6724 -0.6081
vn -0.4350 -0.8607 0.2644
vn 0.5513 -0.7524 -0.3605
vn -0.4925 -0.8494 0.1896
vn 0.4909 -0.8456 -0.2098
vn -0.5340 -0.8406 0.0903
vn 0.4534 -0.8770 -0.1591
vn -0.5499 -0.8352 -0.0102
vn 0.4648 -0.8854 -0.0033
vn -0.2053 -0.4879 0.8484
vn -0.1548 -0.3897 0.9078
vn -0.4040 -0.4670 0.7866
vn -0.3514 -0.3921 0.8502
vn -0.5602 -0.3859 0.7330
vn -0.5934 -0.4471 0.6693
vn -0.7117 -0.3698 0.5973
vn -0.7683 -0.3590 0.5299
vn -0.8053 -0.3581 0.4726
vn -0.8842 -0.2272 0.4082
vn -0.8906 -0.3354 0.3071
vn -0.9558 -0.1506 0.2526
vn -0.9923 -0.1176 0.0394
vn -0.9418 -0.3201 0.1021
vn -0.1124 -0.6412 0.7591
vn -0.2586 -0.6775 0.6886
vn -0.4029 -0.6931 0.5977
vn -0.5254 -0.6915 0.4957
vn -0.6238 -0.6906 0.3660
vn -0.6854 -0.6970 0.2105
vn -0.7075 -0.7027 0.0756
vn -0.0848 -0.9376 0.3372
vn -0.1420 -0.9453 0.2936
vn -0.1856 -0.9491 0.2545
vn -0.2292 -0.9527 0.1996
vn -0.2748 -0.9537 0.1224
vn -0.3039 -0.9524 0.0239
vn -0.3105 -0.9505 0.0073
vn -0.9672 -0.1051 -0.2311
vn -0.8823 -0.3846 -0.2714
vn -0.9001 -0.2537 -0.3541
vn -0.6317 -0.7385 -0.2357
vn -0.8321 -0.3487 -0.4313
vn -0.4966 -0.8297 -0.2550
vn -0.7769 -0.4017 -0.4849
vn -0.5722 -0.8168 -0.0741
vn 0.4103 -0.8996 0.1498
vn -0.5897 -0.8002 -0.1093
vn 0.3935 -0.9002 0.1865
vn -0.5871 -0.8044 -0.0911
vn -0.4330 -0.8960 -0.0988
vn -0.5212 -0.8509 -0.0659
vn -0.4263 -0.8910 -0.1563
vn -0.9856 -0.0964 -0.1388
vn -0.9462 -0.3148 -0.0746
vn -0.9245 -0.3146 -0.2151
vn -0.8828 -0.3192 -0.3445
vn -0.8471 -0.3197 -0.4245
vn -0.7800 -0.3335 -0.5296
vn -0.2960 -0.9551 0.0083
vn -0.2753 -0.9610 -0.0262
vn -0.2602 -0.9642 -0.0518
vn -0.2143 -0.9735 -0.0804
vn -0.1473 -0.9823 -0.1155
vn -0.6995 -0.7140 -0.0301
vn -0.6793 -0.7235 -0.1227
vn -0.6387 -0.7410 -0.2074
vn -0.6043 -0.7516 -0.2644
vn -0.5365 -0.7709 -0.3434
vn -0.3144 -0.9083 -0.2758
vn -0.3350 -0.8849 -0.3236
vn -0.2031 -0.9166 -0.3443
vn -0.2168 -0.9178 -0.3326
vn -0.1255 -0.9194 -0.3727
vn -0.1512 -0.9178 -0.3670
vn -0.0645 -0.9195 -0.3878
vn -0.0698 -0.9100 -0.4087
vn -0.6233 -0.4790 -0.6181
vn -0.4542 -0.5394 -0.7091
vn -0.3206 -0.5730 -0.7542
vn -0.1809 -0.5747 -0.7981
vn -0.1128 -0.9846 -0.1339
vn -0.0651 -0.9888 -0.1343
vn -0.0394 -0.9908 -0.1296
vn -0.4219 -0.8013 -0.4241
vn -0.2940 -0.8139 -0.5011
vn -0.1773 -0.8225 -0.5404
vn -0.6197 -0.3539 -0.7006
vn -0.4788 -0.3698 -0.7962
vn -0.3026 -0.3725 -0.8773
vn -0.0000 0.5134 -0.8582
vn 0.0004 0.7149 -0.6992
vn -0.1770 0.7074 -0.6843
vn -0.2144 0.4892 -0.8454
vn 0.0005 0.9997 0.0241
vn -0.0279 0.9988 -0.0405
vn -0.3565 0.6845 -0.6359
vn -0.4132 0.4554 -0.7886
vn -0.0751 0.9958 -0.0523
vn -0.5161 0.6625 -0.5429
vn -0.6022 0.4280 -0.6739
vn -0.1236 0.9913 -0.0445
vn -0.6267 0.6499 -0.4301
vn -0.7320 0.4150 -0.5404
vn -0.2028 0.9767 -0.0700
vn -0.6911 0.6510 -0.3141
vn -0.8188 0.3927 -0.4188
vn -0.2094 0.9767 -0.0475
vn -0.7706 0.6138 -0.1718
vn -0.8958 0.3579 -0.2634
vn -0.1868 0.9824 0.0014
vn -0.8127 0.5824 -0.0196
vn -0.9516 0.3037 -0.0477
vn -0.2185 0.9758 0.0080
vn -0.0000 0.3412 -0.9400
vn -0.1827 0.3002 -0.9362
vn -0.3884 0.2712 -0.8807
vn -0.6038 0.2496 -0.7570
vn -0.7529 0.2268 -0.6178
vn -0.8471 0.2029 -0.4913
vn -0.9332 0.1702 -0.3166
vn -0.9851 0.1458 -0.0916
vn -0.0000 0.3268 -0.9451
vn -0.1542 0.3349 -0.9296
vn -0.3525 0.3420 -0.8711
vn -0.5591 0.3413 -0.7556
vn -0.7178 0.3220 -0.6173
vn -0.8098 0.3137 -0.4958
vn -0.8945 0.2993 -0.3322
vn -0.9487 0.2903 -0.1252
vn -0.0000 0.3774 -0.9260
vn -0.1438 0.4025 -0.9041
vn -0.3287 0.4568 -0.8266
vn -0.5037 0.4743 -0.7220
vn -0.6550 0.4614 -0.5984
vn -0.7591 0.4626 -0.4580
vn -0.8165 0.4915 -0.3030
vn -0.8504 0.5106 -0.1271
vn -0.0000 0.5841 -0.8117
vn -0.1399 0.6316 -0.7626
vn -0.2727 0.6853 -0.6753
vn -0.0000 0.8501 -0.5267
vn -0.0840 0.8604 -0.5026
vn -0.0000 0.9997 -0.0259
vn -0.0000 0.9632 -0.2687
vn -0.0563 0.9683 -0.2433
vn -0.0945 0.9725 -0.2127
vn -0.1243 0.9755 -0.1817
vn -0.1593 0.9775 -0.1381
vn -0.1905 0.9787 -0.0767
vn -0.2152 0.9765 0.0071
vn -0.2208 0.9753 0.0035
vn -0.1595 0.8777 -0.4518
vn -0.2472 0.8905 -0.3820
vn -0.3915 0.6952 -0.6029
vn -0.4346 0.8965 -0.0859
vn -0.4413 0.8962 -0.0455
vn -0.6749 0.7120 -0.1936
vn -0.6673 0.7407 -0.0776
vn -0.6349 0.6888 -0.3500
vn -0.5143 0.6959 -0.5011
vn -0.3053 0.9003 -0.3103
vn -0.3761 0.9022 -0.2113
vn -0.8357 0.5395 0.1030
vn -0.9535 0.2797 0.1120
vn -0.8443 0.4987 0.1961
vn -0.9462 0.2467 0.2096
vn -0.8329 0.4741 0.2855
vn -0.9016 0.2291 0.3669
vn -0.7150 0.6424 0.2760
vn -0.8496 0.3265 0.4143
vn -0.5563 0.7754 0.2988
vn -0.7816 0.3920 0.4852
vn -0.2758 0.9612 -0.0060
vn -0.2702 0.9624 -0.0282
vn -0.3180 0.9471 -0.0439
vn -0.1940 0.9786 -0.0680
vn 0.0084 0.9992 -0.0402
vn -0.9888 0.1201 0.0888
vn -0.9636 0.1241 0.2370
vn -0.9177 0.1285 0.3758
vn -0.8884 0.1142 0.4446
vn -0.8272 0.1246 0.5479
vn -0.9593 0.2768 0.0560
vn -0.9427 0.2632 0.2049
vn -0.9126 0.2432 0.3288
vn -0.8669 0.2404 0.4368
vn -0.7810 0.2864 0.5550
vn -0.2099 0.9775 -0.0223
vn -0.1972 0.9804 -0.0020
vn -0.1910 0.9816 0.0076
vn -0.1573 0.9873 0.0240
vn -0.0938 0.9943 0.0508
vn -0.4218 0.9067 -0.0030
vn -0.3875 0.9201 0.0573
vn -0.3491 0.9313 0.1044
vn -0.3379 0.9371 0.0877
vn -0.2891 0.9483 0.1308
vn -0.6511 0.7590 -0.0007
vn -0.6118 0.7857 0.0911
vn -0.5470 0.8238 0.1490
vn -0.5084 0.8403 0.1880
vn -0.4575 0.8515 0.2561
vn -0.8469 0.5309 -0.0285
vn -0.7849 0.6194 0.0148
vn -0.7707 0.6264 0.1165
vn -0.7215 0.6609 0.2065
vn -0.6639 0.6859 0.2978
vn -0.5932 0.7032 0.3920
vn -0.8987 0.4368 0.0401
vn -0.8789 0.4519 0.1527
vn -0.8453 0.4622 0.2681
vn -0.7922 0.4722 0.3866
vn -0.7004 0.5130 0.4963
vn 0.0917 0.9944 -0.0528
vn -0.3808 0.8510 0.3615
vn 0.0500 0.9963 -0.0699
vn -0.2519 0.8879 0.3849
vn 0.0207 0.9988 -0.0433
vn -0.1786 0.8837 0.4326
vn 0.0235 0.9979 -0.0607
vn -0.0860 0.8718 0.4823
vn -0.0051 0.9988 -0.0492
vn -0.0011 0.8771 0.4803
vn -0.6264 0.4693 0.6224
vn -0.4567 0.5324 0.7127
vn -0.3374 0.5542 0.7610
vn -0.1738 0.5453 0.8200
vn -0.0000 0.5443 0.8389
vn -0.0667 0.9957 0.0642
vn -0.0414 0.9970 0.0651
vn -0.0258 0.9978 0.0612
vn -0.0167 0.9981 0.0598
vn -0.0000 0.9982 0.0602
vn -0.1926 0.9688 0.1561
vn -0.1276 0.9781 0.1647
vn -0.0796 0.9840 0.1592
vn -0.0611 0.9874 0.1458
vn -0.0000 0.9888 0.1492
vn -0.3655 0.8801 0.3031
vn -0.2483 0.8978 0.3638
vn -0.1843 0.9041 0.3856
vn -0.1587 0.9051 0.3945
vn -0.0000 0.9194 0.3933
vn -0.4861 0.7294 0.4814
vn -0.3478 0.7387 0.5774
vn -0.2361 0.7511 0.6165
vn -0.1808 0.7425 0.6450
vn -0.0000 0.7356 0.6774
vn -0.6274 0.3001 0.7185
vn -0.5666 0.5360 0.6258
vn -0.4873 0.3047 0.8184
vn -0.4223 0.5317 0.7341
vn -0.3642 0.3198 0.8747
vn -0.2992 0.5519 0.7784
vn -0.1713 0.3130 0.9342
vn -0.1831 0.5591 0.8086
vn -0.0000 0.3069 0.9517
vn -0.0000 0.5498 0.8353
vn -0.6632 0.1494 0.7334
vn -0.5167 0.1613 0.8408
vn -0.3801 0.1615 0.9108
vn -0.1880 0.1747 0.9665
vn -0.0000 0.1831 0.9831
vn 0.0803 -0.9768 0.1983
vn -0.0708 -0.9017 -0.4264
vn -0.0000 -0.8994 -0.4371
vn -0.0000 -0.9782 0.2078
vn 0.0109 0.9823 0.1873
vn -0.0000 0.9736 0.2284
vn -0.1393 0.8767 -0.4605
vn -0.0000 0.8776 -0.4793
vn -0.2301 -0.0336 -0.9726
vn -0.0000 -0.0287 -0.9996
vn 0.1511 -0.9728 0.1755
vn -0.1429 -0.9058 -0.3989
vn 0.0262 0.9826 0.1837
vn -0.2661 0.8706 -0.4138
vn -0.4488 -0.0455 -0.8925
vn 0.2082 -0.9675 0.1436
vn -0.2111 -0.9117 -0.3526
vn 0.0495 0.9843 0.1694
vn -0.3698 0.8624 -0.3458
vn -0.6378 -0.0626 -0.7677
vn 0.2490 -0.9619 0.1128
vn -0.2686 -0.9191 -0.2883
vn 0.0362 0.9932 0.1109
vn -0.4410 0.8560 -0.2699
vn -0.7830 -0.0803 -0.6168
vn 0.2699 -0.9595 0.0807
vn -0.3241 -0.9239 -0.2031
vn 0.0389 0.9969 0.0681
vn -0.4940 0.8481 -0.1917
vn -0.8962 -0.0952 -0.4332
vn 0.2947 -0.9549 0.0368
vn -0.3547 -0.9281 -0.1136
vn 0.0893 0.9946 0.0535
vn -0.5243 0.8466 -0.0913
vn -0.9692 -0.0979 -0.2260
vn 0.3054 -0.9522 -0.0110
vn -0.3661 -0.9304 -0.0174
vn 0.0647 0.9978 0.0149
vn -0.5407 0.8412 0.0092
vn -0.9938 -0.1107 -0.0092
vn 0.3165 -0.9480 -0.0336
vn -0.3495 -0.9330 0.0853
vn 0.0584 0.9979 -0.0296
vn -0.5283 0.8457 0.0753
vn -0.9774 -0.1122 0.1792
vn 0.3255 -0.9453 -0.0215
vn -0.3217 -0.9301 0.1772
vn 0.5909 -0.7991 -0.1108
vn 0.0763 0.9927 -0.0929
vn -0.5234 0.8473 0.0906
vn -0.9466 -0.1137 0.3017
vn 0.3515 -0.9350 0.0464
vn -0.2745 -0.9159 0.2929
vn 0.0287 0.9776 -0.2087
vn -0.5391 0.8409 0.0473
vn -0.9143 -0.1150 0.3883
vn 0.3589 -0.9328 0.0316
vn -0.2754 -0.9126 0.3023
vn 0.0732 0.9706 -0.2292
vn -0.5156 0.8554 0.0491
vn -0.9130 -0.0564 0.4040
vn 0.2784 -0.9571 -0.0799
vn -0.3248 -0.9179 0.2280
vn 0.1349 0.9817 -0.1343
vn -0.4702 0.8646 0.1770
vn -0.8898 -0.0545 0.4531
vn 0.1722 -0.9715 -0.1629
vn -0.3148 -0.9103 0.2687
vn 0.1216 0.9871 -0.1041
vn -0.3848 0.8574 0.3417
vn -0.7522 -0.0613 0.6561
vn 0.1165 -0.9704 -0.2116
vn -0.2119 -0.9160 0.3405
vn 0.0892 0.9863 -0.1388
vn -0.2574 0.8588 0.4430
vn -0.5126 -0.0738 0.8554
vn 0.0790 -0.9681 -0.2377
vn -0.1349 -0.9200 0.3679
vn 0.1272 -0.9194 -0.3723
vn 0.0570 0.9866 -0.1527
vn -0.1640 0.8650 0.4742
vn -0.3336 -0.0693 0.9402
vn 0.0372 -0.9692 -0.2433
vn -0.0767 -0.9193 0.3861
vn 0.0374 0.9855 -0.1654
vn -0.0843 0.8614 0.5009
vn -0.1781 -0.0745 0.9812
vn -0.0000 -0.9692 -0.2463
vn -0.0000 -0.9189 0.3944
vn -0.0025 0.9884 -0.1516
vn -0.0000 0.8608 0.5089
vn -0.0000 -0.0738 0.9973
vn 0.2144 0.4892 -0.8454
vn 0.1765 0.7056 -0.6863
vn 0.0285 0.9985 -0.0460
vn 0.4132 0.4554 -0.7886
vn 0.3571 0.6858 -0.6342
vn 0.0809 0.9948 -0.0618
vn 0.6022 0.4280 -0.6739
vn 0.5183 0.6582 -0.5460
vn 0.1066 0.9941 -0.0224
vn 0.7320 0.4150 -0.5404
vn 0.6209 0.6569 -0.4277
vn 0.1383 0.9902 -0.0185
vn 0.8188 0.3927 -0.4188
vn 0.6937 0.6485 -0.3134
vn 0.1299 0.9915 -0.0042
vn 0.8958 0.3579 -0.2634
vn 0.7730 0.6104 -0.1727
vn 0.1204 0.9926 0.0171
vn 0.9516 0.3037 -0.0477
vn 0.8053 0.5926 -0.0182
vn 0.1294 0.9915 0.0112
vn 0.1827 0.3002 -0.9362
vn 0.3884 0.2712 -0.8807
vn 0.6038 0.2496 -0.7570
vn 0.7529 0.2268 -0.6178
vn 0.8471 0.2029 -0.4913
vn 0.9332 0.1702 -0.3166
vn 0.9851 0.1458 -0.0916
vn 0.1542 0.3349 -0.9296
vn 0.3525 0.3420 -0.8711
vn 0.5591 0.3413 -0.7556
vn 0.7178 0.3220 -0.6173
vn 0.8098 0.3137 -0.4958
vn 0.8945 0.2993 -0.3322
vn 0.9487 0.2903 -0.1252
vn 0.1438 0.4025 -0.9041
vn 0.3287 0.4568 -0.8266
vn 0.5037 0.4743 -0.7220
vn 0.6550 0.4614 -0.5984
vn 0.7591 0.4626 -0.4580
vn 0.8165 0.4915 -0.3030
vn 0.8504 0.5106 -0.1271
vn 0.1399 0.6316 -0.7626
vn 0.2727 0.6853 -0.6753
vn 0.0840 0.8604 -0.5026
vn 0.0563 0.9683 -0.2433
vn 0.0945 0.9725 -0.2127
vn 0.1243 0.9755 -0.1817
vn 0.1593 0.9775 -0.1381
vn 0.1905 0.9787 -0.0767
vn 0.2152 0.9765 0.0071
vn 0.2208 0.9753 0.0035
vn 0.1595 0.8777 -0.4518
vn 0.2472 0.8905 -0.3820
vn 0.3915 0.6952 -0.6029
vn 0.4413 0.8962 -0.0455
vn 0.4346 0.8965 -0.0859
vn 0.6749 0.7120 -0.1936
vn 0.6673 0.7407 -0.0776
vn 0.6349 0.6888 -0.3500
vn 0.5143 0.6959 -0.5011
vn 0.3053 0.9003 -0.3103
vn 0.3761 0.9022 -0.2113
vn 0.9535 0.2797 0.1120
vn 0.8391 0.5339 0.1040
vn 0.9462 0.2467 0.2096
vn 0.8469 0.4940 0.1971
vn 0.9016 0.2291 0.3669
vn 0.8330 0.4746 0.2844
vn 0.8496 0.3265 0.4143
vn 0.7055 0.6564 0.2673
vn 0.7816 0.3919 0.4852
vn 0.5467 0.7844 0.2928
vn 0.1654 0.9858 -0.0285
vn 0.1271 0.9889 -0.0772
vn 0.2971 0.9496 -0.0997
vn 0.1783 0.9807 -0.0798
vn 0.0034 0.9993 -0.0381
vn 0.9888 0.1201 0.0888
vn 0.9636 0.1241 0.2370
vn 0.9177 0.1285 0.3758
vn 0.8884 0.1142 0.4446
vn 0.8272 0.1246 0.5479
vn 0.9593 0.2768 0.0560
vn 0.9427 0.2632 0.2049
vn 0.9126 0.2432 0.3288
vn 0.8669 0.2404 0.4368
vn 0.7810 0.2864 0.5550
vn 0.2099 0.9775 -0.0223
vn 0.1972 0.9804 -0.0020
vn 0.1910 0.9816 0.0076
vn 0.1573 0.9873 0.0240
vn 0.0938 0.9943 0.0508
vn 0.4218 0.9067 -0.0030
vn 0.3875 0.9201 0.0573
vn 0.3491 0.9313 0.1044
vn 0.3379 0.9371 0.0877
vn 0.2891 0.9483 0.1308
vn 0.6510 0.7590 -0.0007
vn 0.6118 0.7857 0.0911
vn 0.5470 0.8238 0.1490
vn 0.5084 0.8403 0.1880
vn 0.4575 0.8515 0.2561
vn 0.7849 0.6194 0.0148
vn 0.8469 0.5309 -0.0285
vn 0.7707 0.6264 0.1165
vn 0.7215 0.6609 0.2065
vn 0.6639 0.6859 0.2978
vn 0.5932 0.7032 0.3920
vn 0.8987 0.4368 0.0401
vn 0.8789 0.4519 0.1527
vn 0.8453 0.4622 0.2681
vn 0.7922 0.4722 0.3866
vn 0.7004 0.5130 0.4963
vn 0.3734 0.8571 0.3549
vn -0.0786 0.9960 -0.0426
vn 0.2480 0.8903 0.3818
vn -0.0372 0.9982 -0.0467
vn 0.1777 0.8842 0.4319
vn -0.0157 0.9996 -0.0252
vn 0.0859 0.8746 0.4772
vn -0.0192 0.9990 -0.0392
vn 0.6264 0.4693 0.6224
vn 0.4567 0.5324 0.7127
vn 0.3374 0.5542 0.7610
vn 0.1738 0.5453 0.8200
vn 0.0667 0.9957 0.0642
vn 0.0414 0.9970 0.0651
vn 0.0258 0.9978 0.0612
vn 0.0167 0.9981 0.0598
vn 0.1926 0.9688 0.1561
vn 0.1276 0.9781 0.1647
vn 0.0796 0.9840 0.1592
vn 0.0611 0.9874 0.1458
vn 0.3655 0.8801 0.3031
vn 0.2483 0.8978 0.3638
vn 0.1843 0.9041 0.3856
vn 0.1587 0.9051 0.3945
vn 0.4861 0.7294 0.4814
vn 0.3478 0.7387 0.5774
vn 0.2361 0.7511 0.6165
vn 0.1808 0.7425 0.6450
vn 0.5666 0.5360 0.6258
vn 0.6274 0.3001 0.7185
vn 0.4223 0.5317 0.7341
vn 0.4873 0.3047 0.8184
vn 0.2992 0.5519 0.7784
vn 0.3642 0.3198 0.8747
vn 0.1831 0.5591 0.8086
vn 0.1713 0.3130 0.9342
vn 0.6632 0.1494 0.7334
vn 0.5167 0.1613 0.8408
vn 0.3801 0.1615 0.9108
vn 0.1880 0.1747 0.9665
vn -0.0803 -0.9768 0.1983
vn 0.0708 -0.9017 -0.4264
vn -0.0106 0.9826 0.1856
vn 0.1393 0.8767 -0.4605
vn 0.2301 -0.0336 -0.9726
vn -0.1511 -0.9728 0.1756
vn 0.1429 -0.9058 -0.3989
vn -0.0210 0.9847 0.1729
vn 0.2661 0.8706 -0.4138
vn 0.4488 -0.0455 -0.8925
vn -0.2083 -0.9675 0.1437
vn 0.2111 -0.9117 -0.3526
vn -0.0667 0.9793 0.1910
vn 0.1066 0.9940 -0.0224
vn 0.3698 0.8624 -0.3458
vn 0.6378 -0.0626 -0.7677
vn -0.2487 -0.9620 0.1126
vn 0.2686 -0.9191 -0.2883
vn -0.0865 0.9850 0.1494
vn 0.4410 0.8560 -0.2699
vn 0.7830 -0.0803 -0.6168
vn -0.2700 -0.9595 0.0808
vn 0.3241 -0.9239 -0.2031
vn -0.1147 0.9880 0.1037
vn 0.4940 0.8481 -0.1917
vn 0.8962 -0.0952 -0.4332
vn -0.2953 -0.9547 0.0368
vn 0.3547 -0.9281 -0.1136
vn -0.1526 0.9860 0.0667
vn 0.5243 0.8466 -0.0913
vn 0.9692 -0.0979 -0.2260
vn -0.3040 -0.9526 -0.0111
vn 0.3661 -0.9304 -0.0174
vn -0.1277 0.9917 0.0149
vn 0.5407 0.8412 0.0092
vn 0.9938 -0.1107 -0.0092
vn -0.3153 -0.9484 -0.0335
vn 0.3495 -0.9330 0.0853
vn -0.1678 0.9847 -0.0461
vn 0.5283 0.8457 0.0753
vn 0.9774 -0.1122 0.1792
vn -0.3239 -0.9459 -0.0206
vn 0.3217 -0.9301 0.1772
vn -0.2294 0.9637 -0.1363
vn 0.5234 0.8473 0.0906
vn 0.9466 -0.1137 0.3017
vn -0.3522 -0.9348 0.0461
vn 0.2745 -0.9159 0.2929
vn 0.1206 0.9846 -0.1266
vn 0.5391 0.8409 0.0473
vn 0.9143 -0.1150 0.3883
vn -0.3600 -0.9325 0.0309
vn 0.2754 -0.9126 0.3023
vn -0.0710 0.9708 -0.2290
vn 0.5156 0.8554 0.0491
vn 0.9130 -0.0564 0.4040
vn -0.2789 -0.9570 -0.0802
vn 0.3248 -0.9179 0.2280
vn -0.1171 0.9852 -0.1256
vn 0.4702 0.8646 0.1770
vn 0.8898 -0.0544 0.4531
vn -0.1723 -0.9714 -0.1634
vn 0.3148 -0.9103 0.2687
vn -0.1054 0.9903 -0.0900
vn 0.3848 0.8574 0.3417
vn 0.7522 -0.0613 0.6561
vn -0.1164 -0.9705 -0.2112
vn 0.2119 -0.9160 0.3406
vn -0.0763 0.9901 -0.1174
vn 0.2574 0.8588 0.4430
vn 0.5126 -0.0738 0.8554
vn -0.0790 -0.9681 -0.2377
vn 0.1349 -0.9200 0.3679
vn -0.0517 0.9895 -0.1352
vn 0.1640 0.8650 0.4742
vn 0.3336 -0.0693 0.9402
vn -0.0372 -0.9692 -0.2434
vn 0.0767 -0.9193 0.3861
vn -0.0318 0.9895 -0.1409
vn 0.0843 0.8614 0.5009
vn 0.1781 -0.0745 0.9812
vn 0.1117 -0.9000 0.4213
vn -0.1858 -0.4140 -0.8911
vn -0.0011 -0.4246 -0.9054
vn -0.0018 -0.9011 0.4337
vn 0.2253 -0.9014 0.3698
vn -0.3666 -0.4119 -0.8342
vn 0.4635 -0.8709 0.1633
vn -0.5485 -0.3651 -0.7523
vn 0.7086 -0.7035 -0.0542
vn -0.5725 -0.5116 -0.6408
vn 0.8115 -0.5369 -0.2305
vn -0.5366 -0.4857 -0.6900
vn 0.7167 -0.6383 -0.2807
vn -0.5497 -0.5887 -0.5927
vn 0.6405 -0.7638 -0.0797
vn -0.6771 -0.6971 -0.2360
vn 0.6739 -0.5982 0.4337
vn -0.6230 -0.5498 0.5564
vn -0.6748 -0.7167 0.1762
vn 0.6164 -0.7668 0.1790
vn 0.7772 -0.4214 0.4673
vn -0.5589 -0.3855 0.7342
vn 0.9552 -0.2399 0.1734
vn -0.6762 -0.2609 0.6889
vn 0.1832 -0.4159 -0.8908
vn -0.1111 -0.9019 0.4175
vn 0.3644 -0.4156 -0.8334
vn -0.2234 -0.9035 0.3658
vn 0.5542 -0.3781 -0.7415
vn -0.4320 -0.8744 0.2211
vn 0.5992 -0.4795 -0.6410
vn -0.7507 -0.6601 -0.0268
vn 0.5166 -0.4834 -0.7067
vn -0.8352 -0.4961 -0.2374
vn 0.5405 -0.5921 -0.5978
vn -0.7150 -0.6364 -0.2895
vn 0.6737 -0.7012 -0.2333
vn -0.6375 -0.7663 -0.0802
vn -0.6170 -0.7667 0.1774
vn 0.6762 -0.7156 0.1751
vn 0.6267 -0.5471 0.5549
vn -0.6751 -0.5978 0.4323
vn 0.5579 -0.3792 0.7382
vn -0.7740 -0.4148 0.4784
vn 0.7631 -0.2113 0.6107
vn -0.9418 -0.2574 0.2163
vn 0.7168 -0.6383 -0.2807
vn 0.4268 -0.8995 -0.0936
vn -0.4111 -0.6736 -0.6142
vn -0.6752 -0.5977 0.4323
vn -0.6169 -0.7667 0.1774
vn 0.6872 0.2400 -0.6857
vn -0.7152 -0.1358 -0.6857
vn -0.7067 0.4075 -0.5783
vn 0.4083 0.7063 -0.5783
vn 0.6516 0.0689 -0.7554
vn -0.5987 -0.2662 -0.7554
vn 0.7430 -0.6666 0.0601
vn -0.3102 -0.9488 0.0601
vn 0.6456 0.1337 0.7519
vn -0.6260 -0.2070 0.7518
vn 0.9565 0.0053 0.2918
vn -0.8310 -0.4736 0.2918
vn 0.9518 -0.0571 -0.3015
vn -0.7957 -0.5253 -0.3015
vn 0.7071 -0.4082 -0.5774
vn -0.4083 -0.7071 -0.5774
vn 0.7071 -0.4083 0.5773
vn -0.4083 -0.7071 0.5774
vn 0.9517 -0.0572 0.3015
vn -0.7957 -0.5253 0.3015
vn 0.9564 0.0049 -0.2919
vn -0.8308 -0.4739 -0.2919
vn 0.6458 0.1381 -0.7509
vn -0.6284 -0.2033 -0.7509
vn 0.7428 -0.6661 -0.0682
vn -0.3102 -0.9482 -0.0682
vn 0.6519 0.0657 0.7554
vn -0.5974 -0.2691 0.7554
vn 0.6863 0.2409 0.6863
vn -0.7148 -0.1346 0.6863
vn 0.4082 0.7074 0.5770
vn -0.7072 0.4085 0.5770
vn 0.6456 0.1337 0.7518
vn 0.7431 -0.6665 0.0601
vn 0.9565 0.0054 0.2918
vn 0.9517 -0.0571 -0.3015
vn 0.9517 -0.0571 0.3015
vn 0.7071 -0.4082 0.5774
vn -0.5774 -0.5773 0.5774
vn -0.6256 0.3189 0.7120
vn -0.6256 0.3189 -0.7120
vn -0.5774 -0.5773 -0.5774
vn -0.7923 0.2900 0.5369
vn -0.7923 0.2900 -0.5369
vn -0.7923 -0.2900 0.5369
vn -0.6256 -0.3189 0.7120
vn -0.6256 -0.3189 -0.7120
vn -0.7923 -0.2900 -0.5369
vn -0.5774 0.5774 0.5773
vn -0.5774 0.5774 -0.5773
vn 0.5773 -0.5774 0.5773
vn 0.5773 -0.5774 -0.5773
vn 0.6256 0.3190 -0.7119
vn 0.6256 0.3190 0.7119
vn 0.7923 0.2900 -0.5369
vn 0.7923 0.2900 0.5369
vn 0.7923 -0.2900 0.5369
vn 0.7923 -0.2900 -0.5369
vn 0.6256 -0.3189 -0.7119
vn 0.6256 -0.3190 0.7119
vn 0.5774 0.5774 -0.5774
vn 0.5774 0.5774 0.5774
vn -0.5773 -0.5774 -0.5774
vn -0.6256 0.3189 -0.7119
vn -0.6256 -0.3189 -0.7119
vn -0.5773 0.5774 -0.5773
vn -0.5773 0.5774 0.5774
vn -0.5774 0.5773 0.5774
vn -0.6256 -0.3189 0.7119
vn -0.7922 -0.2900 0.5369
vn -0.6256 0.3189 0.7119
vn -0.7419 -0.0000 -0.6705
vn -0.7419 -0.0000 0.6705
vn 0.7419 -0.0000 0.6705
vn 0.7419 -0.0000 -0.6706
vn -0.0000 -0.0000 1.0000
vn -0.0000 -0.0000 -1.0000
vn 0.7290 0.0190 0.6842
vn 0.7083 0.0886 0.7003
vn -0.7290 -0.0190 -0.6842
vn -0.7084 -0.0886 -0.7003
vn 0.7952 -0.1928 0.5749
vn -0.7952 0.1928 -0.5749
vn 0.8602 -0.4198 0.2895
vn -0.8601 0.4200 -0.2895
vn -0.8601 0.4200 -0.2896
vn 0.8704 -0.4911 -0.0360
vn -0.8704 0.4910 0.0360
vn -0.8704 0.4910 0.0359
vn 0.8519 -0.3979 -0.3404
vn -0.8520 0.3978 0.3404
vn 0.7869 -0.1646 -0.5947
vn 0.7869 -0.1645 -0.5947
vn -0.7868 0.1646 0.5948
vn 0.7209 0.0493 -0.6912
vn -0.7210 -0.0493 0.6912
vn 0.6996 0.1211 -0.7042
vn -0.6996 -0.1211 0.7042
vn 0.2526 0.9366 -0.2430
vn 0.4005 0.8974 -0.1852
vn 0.3795 0.9014 -0.2084
vn 0.1794 0.9489 -0.2597
vn -0.1534 0.9580 -0.2423
vn 0.0483 0.9667 -0.2514
vn -0.0485 0.9664 -0.2525
vn -0.2465 0.9428 -0.2245
vn -0.5811 0.8034 -0.1297
vn -0.8932 0.4465 0.0533
vn -0.7132 0.6989 -0.0528
vn -0.3348 0.9196 -0.2054
vn -0.9659 0.2385 -0.1006
vn -0.9968 0.0534 0.0588
vn -0.9987 0.0367 0.0351
vn -0.9398 0.3224 -0.1129
vn -0.7929 -0.6085 0.0336
vn -0.6559 -0.7481 0.1008
vn -0.9406 -0.3395 0.0039
vn -0.9789 -0.2041 -0.0049
vn -0.4916 -0.8135 0.3109
vn -0.6867 -0.6562 0.3129
vn -0.3529 -0.8904 0.2875
vn -0.2191 -0.9375 0.2703
vn 0.0355 -0.9636 0.2650
vn -0.0367 -0.9657 0.2570
vn 0.2453 -0.9328 0.2642
vn 0.2951 -0.9179 0.2653
vn 0.5120 -0.8181 0.2619
vn 0.4849 -0.8361 0.2565
vn 0.7052 -0.6602 0.2587
vn 0.6825 -0.6801 0.2677
vn 0.8275 -0.4964 0.2626
vn 0.8207 -0.5113 0.2549
vn 0.5349 -0.7906 0.2981
vn 0.5333 -0.7968 0.2840
vn -0.1007 0.9743 -0.2016
vn 0.0153 0.9729 -0.2306
vn -0.3527 0.9287 -0.1149
vn -0.6777 0.7353 0.0068
vn -0.5330 0.8442 -0.0568
vn -0.2721 0.9494 -0.1565
vn -0.9069 0.4095 0.0989
vn -0.9686 0.2038 0.1427
vn -0.9260 0.3569 0.1227
vn -0.7678 0.6386 0.0524
vn -0.9812 0.0295 0.1905
vn -0.9832 0.0557 0.1741
vn -0.9751 -0.0800 0.2066
vn -0.9145 -0.2989 0.2727
vn -0.7390 -0.5912 0.3231
vn -0.9324 -0.2577 0.2535
vn -0.0747 0.2010 0.9767
vn -0.0712 0.2316 0.9702
vn -0.2394 0.2237 0.9448
vn -0.0760 0.2618 0.9621
vn -0.0916 0.2975 0.9503
vn -0.1229 0.3350 0.9342
vn -0.1733 0.3648 0.9148
vn -0.2400 0.3741 0.8958
vn -0.3059 0.3557 0.8831
vn -0.3546 0.3189 0.8790
vn -0.3837 0.2768 0.8810
vn -0.3972 0.2388 0.8861
vn -0.4003 0.2078 0.8925
vn -0.3953 0.1775 0.9013
vn -0.3796 0.1421 0.9142
vn -0.3485 0.1053 0.9314
vn -0.2986 0.0764 0.9513
vn -0.2326 0.0677 0.9702
vn -0.1671 0.0860 0.9822
vn -0.1183 0.1223 0.9854
vn -0.0888 0.1636 0.9825
vn -0.4000 -0.8917 0.2119
vn -0.4815 -0.8579 0.1792
vn -0.2972 -0.9154 0.2715
vn -0.2243 -0.9312 0.2873
vn 0.0618 -0.9624 0.2645
vn -0.0502 -0.9625 0.2667
vn 0.2395 -0.9346 0.2630
vn 0.3120 -0.9134 0.2615
vn 0.6164 -0.7440 0.2579
vn 0.5513 -0.7929 0.2595
vn 0.7435 -0.6170 0.2578
vn 0.1913 0.9566 -0.2197
vn 0.2359 0.9488 -0.2099
vn -0.0000 -0.9723 0.2336
vn -0.0000 -0.9799 0.1994
vn 0.3922 0.9043 -0.1687
vn 0.2367 0.9521 -0.1934
vn 0.2657 0.9451 -0.1902
vn 0.3771 0.9100 -0.1723
vn -0.0000 0.9797 -0.2004
vn -0.0000 0.9798 -0.1999
vn 0.2189 0.9526 -0.2114
vn 0.2409 0.9473 -0.2110
vn -0.0000 0.9777 -0.2101
vn -0.2526 0.9366 -0.2430
vn -0.1794 0.9489 -0.2597
vn -0.3795 0.9014 -0.2084
vn -0.4005 0.8974 -0.1852
vn 0.1534 0.9580 -0.2423
vn 0.2465 0.9428 -0.2245
vn 0.0485 0.9664 -0.2525
vn -0.0483 0.9667 -0.2514
vn 0.5811 0.8034 -0.1297
vn 0.3348 0.9196 -0.2054
vn 0.7132 0.6989 -0.0528
vn 0.8932 0.4465 0.0533
vn 0.9659 0.2385 -0.1006
vn 0.9398 0.3224 -0.1129
vn 0.9987 0.0367 0.0351
vn 0.9968 0.0534 0.0588
vn 0.7928 -0.6085 0.0336
vn 0.9789 -0.2041 -0.0049
vn 0.9406 -0.3395 0.0039
vn 0.6559 -0.7481 0.1008
vn 0.4916 -0.8135 0.3109
vn 0.2191 -0.9375 0.2703
vn 0.3529 -0.8904 0.2875
vn 0.6867 -0.6562 0.3129
vn -0.0355 -0.9636 0.2650
vn -0.2951 -0.9179 0.2653
vn -0.2453 -0.9328 0.2642
vn 0.0367 -0.9657 0.2570
vn -0.5120 -0.8181 0.2619
vn -0.6825 -0.6801 0.2677
vn -0.7052 -0.6602 0.2587
vn -0.4849 -0.8361 0.2565
vn -0.8275 -0.4964 0.2626
vn -0.5333 -0.7968 0.2840
vn -0.5349 -0.7906 0.2981
vn -0.8207 -0.5113 0.2549
vn -0.0153 0.9729 -0.2306
vn 0.1007 0.9743 -0.2016
vn 0.3527 0.9287 -0.1149
vn 0.2721 0.9494 -0.1565
vn 0.5330 0.8442 -0.0568
vn 0.6777 0.7353 0.0068
vn 0.9069 0.4095 0.0989
vn 0.7678 0.6386 0.0524
vn 0.9260 0.3569 0.1227
vn 0.9686 0.2038 0.1427
vn 0.9812 0.0295 0.1905
vn 0.9145 -0.2989 0.2727
vn 0.9751 -0.0800 0.2066
vn 0.9832 0.0557 0.1741
vn 0.7390 -0.5912 0.3231
vn 0.9324 -0.2577 0.2535
vn 0.0747 0.2010 0.9767
vn 0.2394 0.2237 0.9448
vn 0.0712 0.2316 0.9702
vn 0.0760 0.2618 0.9621
vn 0.0916 0.2975 0.9503
vn 0.1229 0.3350 0.9342
vn 0.1733 0.3648 0.9148
vn 0.2400 0.3741 0.8958
vn 0.3059 0.3557 0.8831
vn 0.3546 0.3189 0.8790
vn 0.3837 0.2768 0.8810
vn 0.3972 0.2388 0.8861
vn 0.4003 0.2078 0.8925
vn 0.3953 0.1775 0.9013
vn 0.3796 0.1421 0.9142
vn 0.3485 0.1053 0.9314
vn 0.2986 0.0764 0.9513
vn 0.2326 0.0677 0.9702
vn 0.1671 0.0860 0.9822
vn 0.1183 0.1223 0.9854
vn 0.0888 0.1636 0.9825
vn 0.4000 -0.8917 0.2119
vn 0.2243 -0.9312 0.2873
vn 0.2972 -0.9154 0.2715
vn 0.4815 -0.8579 0.1792
vn -0.0618 -0.9624 0.2645
vn -0.3120 -0.9134 0.2615
vn -0.2395 -0.9346 0.2630
vn 0.0502 -0.9625 0.2667
vn -0.6164 -0.7440 0.2579
vn -0.7435 -0.6170 0.2578
vn -0.5513 -0.7929 0.2595
vn -0.1913 0.9566 -0.2197
vn -0.2359 0.9488 -0.2099
vn -0.3922 0.9043 -0.1687
vn -0.3771 0.9100 -0.1723
vn -0.2657 0.9451 -0.1902
vn -0.2367 0.9521 -0.1934
vn -0.2409 0.9473 -0.2110
vn -0.2189 0.9526 -0.2114
vn 0.0212 0.9998 -0.0000
vn 0.0256 -0.9997 -0.0000
vn -0.4497 0.8932 -0.0000
vn -0.1563 -0.9877 -0.0000
vn -0.2564 0.9566 0.1382
vn -0.2577 0.9620 -0.0907
vn -0.2578 0.9619 -0.0907
vn -0.0959 0.2254 0.9695
vn -0.0904 0.2071 0.9741
vn -0.0667 0.2418 0.9680
vn -0.1134 0.2217 0.9685
vn -0.1238 0.2351 0.9641
vn -0.1257 0.2488 0.9604
vn -0.1078 0.2959 0.9491
vn -0.1047 0.2725 0.9564
vn -0.1862 0.2196 0.9577
vn -0.2161 0.2195 0.9514
vn -0.2157 0.2186 0.9517
vn -0.2016 0.2065 0.9575
vn -0.2396 0.2228 0.9450
vn -0.2398 0.2228 0.9449
vn -0.2624 0.2153 0.9406
vn -0.2636 0.2158 0.9402
vn -0.2734 0.2016 0.9405
vn -0.2753 0.2024 0.9398
vn -0.2681 0.1908 0.9443
vn -0.2702 0.1917 0.9435
vn -0.2502 0.1963 0.9481
vn -0.2518 0.1971 0.9475
vn -0.2401 0.2238 0.9446
vn -0.2538 0.2477 0.9350
vn -0.2518 0.2482 0.9354
vn -0.2714 0.2487 0.9298
vn -0.2698 0.2505 0.9297
vn -0.2749 0.2373 0.9317
vn -0.2748 0.2391 0.9313
vn -0.2625 0.2262 0.9380
vn -0.2629 0.2272 0.9377
vn -0.2392 0.2232 0.9450
vn -0.2390 0.2232 0.9450
vn -0.2162 0.2306 0.9487
vn -0.2150 0.2301 0.9491
vn -0.2005 0.2414 0.9495
vn -0.2030 0.2434 0.9484
vn -0.1549 0.2257 0.9618
vn -0.1660 0.2287 0.9592
vn -0.0000 0.2585 0.9660
vn -0.0000 0.2279 0.9737
vn -0.0000 0.3072 0.9516
vn 0.0959 0.2254 0.9695
vn 0.1134 0.2217 0.9685
vn 0.0667 0.2418 0.9680
vn 0.0904 0.2071 0.9741
vn 0.1257 0.2488 0.9604
vn 0.1238 0.2351 0.9641
vn 0.1078 0.2959 0.9491
vn 0.1047 0.2725 0.9564
vn 0.1861 0.2196 0.9577
vn 0.2016 0.2065 0.9575
vn 0.2157 0.2186 0.9517
vn 0.2161 0.2195 0.9514
vn 0.2398 0.2227 0.9449
vn 0.2395 0.2227 0.9450
vn 0.2636 0.2158 0.9402
vn 0.2624 0.2153 0.9406
vn 0.2753 0.2024 0.9398
vn 0.2734 0.2016 0.9405
vn 0.2702 0.1917 0.9435
vn 0.2681 0.1908 0.9443
vn 0.2518 0.1971 0.9475
vn 0.2502 0.1963 0.9481
vn 0.2401 0.2238 0.9446
vn 0.2518 0.2482 0.9354
vn 0.2538 0.2477 0.9350
vn 0.2698 0.2505 0.9297
vn 0.2714 0.2487 0.9298
vn 0.2748 0.2391 0.9313
vn 0.2749 0.2373 0.9317
vn 0.2629 0.2271 0.9377
vn 0.2626 0.2262 0.9380
vn 0.2390 0.2232 0.9450
vn 0.2392 0.2232 0.9450
vn 0.2150 0.2301 0.9491
vn 0.2162 0.2306 0.9487
vn 0.2030 0.2434 0.9484
vn 0.2005 0.2414 0.9495
vn 0.1660 0.2287 0.9592
vn 0.1549 0.2257 0.9618
vn 0.9982 0.0607 -0.0000
vn 0.9946 -0.1033 -0.0000
vn -0.9981 -0.0608 -0.0000
vn -0.9947 0.1031 -0.0000
vn 0.9912 0.1321 -0.0000
vn -0.9912 -0.1320 -0.0000
vn 0.9912 -0.1322 -0.0000
vn -0.9912 0.1322 -0.0000
vn 0.9663 -0.2572 -0.0000
vn 0.9664 -0.2572 -0.0000
vn -0.9664 0.2572 -0.0000
vn 0.9955 -0.0947 -0.0000
vn -0.9955 0.0947 -0.0000
vn 0.9997 0.0256 -0.0000
vn -0.9997 -0.0256 -0.0000
vn 0.9883 0.1528 -0.0000
vn 0.9472 0.3206 -0.0000
vn -0.9883 -0.1527 -0.0000
vn -0.9484 -0.3172 -0.0000
vn 0.9998 -0.0197 -0.0000
vn -0.9999 0.0161 -0.0000
vn 0.6408 0.3481 -0.6843
vn 0.6577 0.2775 -0.7004
vn -0.6408 -0.3481 0.6843
vn -0.6577 -0.2775 0.7003
vn 0.5922 0.5646 -0.5749
vn -0.5922 -0.5646 0.5749
vn 0.5350 0.7937 -0.2895
vn -0.5349 -0.7937 0.2895
vn 0.5083 0.8604 0.0359
vn 0.5083 0.8604 0.0360
vn -0.5082 -0.8605 -0.0359
vn -0.5082 -0.8605 -0.0360
vn 0.5389 0.7705 0.3404
vn 0.5389 0.7706 0.3404
vn -0.5389 -0.7705 -0.3404
vn 0.5991 0.5360 0.5948
vn -0.5991 -0.5360 -0.5948
vn 0.6491 0.3178 0.6911
vn -0.6490 -0.3178 -0.6912
vn 0.6665 0.2449 0.7041
vn -0.6664 -0.2449 -0.7042
vn -0.9057 0.2908 -0.3084
vn -0.9711 -0.0734 -0.2269
vn -0.9712 -0.0662 -0.2289
vn -0.9059 0.2903 -0.3083
vn -0.8965 -0.4285 -0.1123
vn -0.9016 -0.4165 -0.1169
vn -0.7155 -0.6986 0.0063
vn -0.7245 -0.6892 0.0015
vn -0.4854 -0.8673 0.1102
vn -0.4942 -0.8628 0.1067
vn -0.2367 -0.9516 0.1961
vn -0.2419 -0.9506 0.1945
vn 0.0170 -0.9644 0.2639
vn 0.0173 -0.9644 0.2640
vn 0.2675 -0.9112 0.3132
vn 0.2731 -0.9093 0.3141
vn 0.5083 -0.7904 0.3419
vn 0.5170 -0.7845 0.3425
vn 0.7289 -0.5916 0.3444
vn 0.7378 -0.5809 0.3438
vn 0.9023 -0.2997 0.3099
vn 0.9072 -0.2869 0.3076
vn 0.9712 0.0662 0.2288
vn 0.9711 0.0735 0.2269
vn 0.8978 0.4256 0.1135
vn 0.8981 0.4248 0.1138
vn 0.7157 0.6984 -0.0062
vn 0.7190 0.6950 -0.0044
vn 0.4850 0.8675 -0.1103
vn 0.4894 0.8653 -0.1086
vn 0.2363 0.9517 -0.1962
vn 0.2395 0.9511 -0.1952
vn -0.0179 0.9643 -0.2641
vn -0.0176 0.9643 -0.2641
vn -0.2704 0.9102 -0.3137
vn -0.2730 0.9093 -0.3141
vn -0.5134 0.7869 -0.3422
vn -0.5171 0.7844 -0.3425
vn -0.7346 0.5849 -0.3440
vn -0.7373 0.5815 -0.3438
vn -0.2217 0.1535 0.9630
vn -0.2885 0.1169 0.9503
vn -0.2950 0.1088 0.9493
vn -0.4185 0.1093 0.9016
vn -0.4153 0.1006 0.9041
vn -0.5601 0.1675 0.8113
vn -0.5563 0.1580 0.8158
vn -0.6805 0.2807 0.6768
vn -0.6788 0.2701 0.6828
vn -0.7109 0.4497 0.5408
vn -0.7099 0.4449 0.5460
vn -0.7557 0.4039 0.5155
vn -0.7565 0.4040 0.5143
vn -0.7424 0.3901 0.5446
vn -0.7262 0.3949 0.5627
vn -0.9218 0.1039 0.3735
vn -0.9309 0.0791 0.3567
vn -0.8841 0.1023 0.4560
vn -0.8877 0.1036 0.4485
vn -0.9064 0.1879 0.3784
vn -0.8984 0.1931 0.3946
vn -0.8261 0.1572 0.5411
vn -0.8180 0.1660 0.5507
vn -0.8262 0.1572 0.5411
vn -0.7021 0.1459 0.6970
vn -0.6893 0.1504 0.7087
vn -0.5771 0.1719 0.7984
vn -0.5747 0.1705 0.8004
vn -0.4171 0.2229 0.8811
vn -0.4383 0.2149 0.8728
vn -0.3017 0.3446 0.8889
vn -0.3042 0.3315 0.8931
vn 0.9057 0.2908 -0.3084
vn 0.9059 0.2903 -0.3083
vn 0.9712 -0.0662 -0.2289
vn 0.9711 -0.0734 -0.2270
vn 0.9016 -0.4165 -0.1169
vn 0.8965 -0.4285 -0.1123
vn 0.7245 -0.6892 0.0015
vn 0.7155 -0.6986 0.0063
vn 0.4942 -0.8628 0.1067
vn 0.4854 -0.8673 0.1102
vn 0.2419 -0.9506 0.1945
vn 0.2367 -0.9516 0.1960
vn -0.0173 -0.9644 0.2640
vn -0.0170 -0.9644 0.2639
vn -0.2731 -0.9093 0.3141
vn -0.2675 -0.9112 0.3132
vn -0.5171 -0.7845 0.3425
vn -0.5083 -0.7904 0.3418
vn -0.7378 -0.5809 0.3437
vn -0.7289 -0.5916 0.3444
vn -0.9072 -0.2869 0.3076
vn -0.9023 -0.2997 0.3099
vn -0.9711 0.0735 0.2269
vn -0.9712 0.0662 0.2288
vn -0.8981 0.4248 0.1138
vn -0.8978 0.4256 0.1135
vn -0.7190 0.6950 -0.0044
vn -0.7157 0.6984 -0.0062
vn -0.4894 0.8653 -0.1086
vn -0.4850 0.8675 -0.1103
vn -0.2395 0.9511 -0.1952
vn -0.2363 0.9517 -0.1962
vn 0.0176 0.9643 -0.2641
vn 0.0179 0.9643 -0.2641
vn 0.2730 0.9093 -0.3141
vn 0.2704 0.9102 -0.3137
vn 0.5171 0.7844 -0.3425
vn 0.5134 0.7869 -0.3422
vn 0.7373 0.5815 -0.3438
vn 0.7346 0.5849 -0.3440
vn 0.2217 0.1535 0.9630
vn 0.2950 0.1088 0.9493
vn 0.2885 0.1169 0.9503
vn 0.4153 0.1006 0.9041
vn 0.4185 0.1093 0.9016
vn 0.5563 0.1579 0.8158
vn 0.5601 0.1675 0.8113
vn 0.6788 0.2701 0.6828
vn 0.6805 0.2807 0.6768
vn 0.7099 0.4449 0.5460
vn 0.7109 0.4497 0.5408
vn 0.7565 0.4040 0.5143
vn 0.7557 0.4039 0.5155
vn 0.7262 0.3950 0.5627
vn 0.7424 0.3901 0.5446
vn 0.9218 0.1039 0.3735
vn 0.9309 0.0791 0.3567
vn 0.8877 0.1036 0.4486
vn 0.8841 0.1023 0.4560
vn 0.8984 0.1931 0.3945
vn 0.9064 0.1880 0.3784
vn 0.8180 0.1660 0.5507
vn 0.8261 0.1572 0.5411
vn 0.8262 0.1572 0.5411
vn 0.6893 0.1504 0.7087
vn 0.7021 0.1459 0.6970
vn 0.5747 0.1705 0.8004
vn 0.5771 0.1719 0.7984
vn 0.4383 0.2149 0.8728
vn 0.4171 0.2229 0.8811
vn 0.3042 0.3315 0.8931
vn 0.3017 0.3446 0.8889
vt 0.873200 0.984100
vt 0.875900 0.980400
vt 0.847700 0.968900
vt 0.844000 0.975000
vt 0.881400 0.318100
vt 0.876700 0.307400
vt 0.847600 0.321800
vt 0.852600 0.330500
vt 0.363400 0.095300
vt 0.399800 0.119300
vt 0.401000 0.111600
vt 0.364100 0.087600
vt 0.448200 0.124800
vt 0.448200 0.116900
vt 0.533700 0.094400
vt 0.533000 0.086800
vt 0.496100 0.110700
vt 0.497300 0.118500
vt 0.713100 0.513800
vt 0.690800 0.513800
vt 0.690200 0.490500
vt 0.715200 0.490000
vt 0.661300 0.519400
vt 0.653900 0.497300
vt 0.633200 0.530700
vt 0.621900 0.510400
vt 0.613500 0.547000
vt 0.597800 0.530300
vt 0.598900 0.569500
vt 0.580200 0.556200
vt 0.587400 0.595400
vt 0.568700 0.587300
vt 0.582500 0.623000
vt 0.564000 0.619400
vt 0.710100 0.548600
vt 0.690900 0.550000
vt 0.690600 0.521500
vt 0.712500 0.521200
vt 0.671400 0.554600
vt 0.663300 0.525400
vt 0.654400 0.563200
vt 0.637400 0.537400
vt 0.640400 0.573700
vt 0.619400 0.553100
vt 0.627400 0.587700
vt 0.604600 0.573400
vt 0.619200 0.605700
vt 0.593800 0.597600
vt 0.614800 0.624500
vt 0.586400 0.623200
vt 0.707100 0.582300
vt 0.693800 0.583600
vt 0.682600 0.587000
vt 0.672800 0.591700
vt 0.664500 0.597900
vt 0.656600 0.605900
vt 0.650800 0.616600
vt 0.647800 0.629600
vt 0.702700 0.633500
vt 0.698400 0.610400
vt 0.704800 0.609400
vt 0.693400 0.612200
vt 0.689300 0.614500
vt 0.685200 0.617900
vt 0.682200 0.621500
vt 0.679800 0.626100
vt 0.678200 0.631300
vt 0.588500 0.669600
vt 0.596600 0.690600
vt 0.591200 0.694700
vt 0.603800 0.708100
vt 0.594700 0.704600
vt 0.614300 0.725600
vt 0.610000 0.730000
vt 0.581600 0.647200
vt 0.561400 0.646700
vt 0.583400 0.671200
vt 0.563100 0.676000
vt 0.589500 0.695600
vt 0.570800 0.703600
vt 0.580500 0.724700
vt 0.594200 0.744000
vt 0.613900 0.641100
vt 0.587300 0.645500
vt 0.615000 0.658100
vt 0.618900 0.676800
vt 0.624000 0.692100
vt 0.633100 0.707100
vt 0.678000 0.635800
vt 0.678900 0.640600
vt 0.680700 0.645600
vt 0.683200 0.649500
vt 0.686700 0.653200
vt 0.646700 0.639900
vt 0.647700 0.649500
vt 0.650800 0.660800
vt 0.655000 0.670600
vt 0.661300 0.681200
vt 0.624200 0.746800
vt 0.610200 0.762400
vt 0.642100 0.759700
vt 0.632200 0.777800
vt 0.659200 0.766600
vt 0.653400 0.784900
vt 0.676000 0.770000
vt 0.672900 0.790400
vt 0.690600 0.771700
vt 0.688800 0.792200
vt 0.628300 0.742000
vt 0.644200 0.753800
vt 0.661500 0.759400
vt 0.677700 0.762700
vt 0.691100 0.765200
vt 0.689300 0.655700
vt 0.692400 0.657300
vt 0.695800 0.658500
vt 0.700400 0.659400
vt 0.669400 0.689800
vt 0.677000 0.695400
vt 0.684100 0.698700
vt 0.696700 0.701700
vt 0.644700 0.721400
vt 0.656700 0.730900
vt 0.668600 0.737000
vt 0.693200 0.741400
vt 0.739900 0.494600
vt 0.735200 0.517500
vt 0.774500 0.507700
vt 0.763300 0.528200
vt 0.803700 0.526100
vt 0.789000 0.544200
vt 0.824000 0.549900
vt 0.805600 0.563700
vt 0.836800 0.578500
vt 0.816100 0.588400
vt 0.842700 0.611100
vt 0.822900 0.615900
vt 0.841800 0.643500
vt 0.823000 0.643800
vt 0.734200 0.525100
vt 0.728900 0.553200
vt 0.760300 0.533700
vt 0.747300 0.561100
vt 0.762500 0.572500
vt 0.783800 0.550100
vt 0.774400 0.585200
vt 0.798700 0.568600
vt 0.784800 0.601300
vt 0.809800 0.591100
vt 0.789800 0.620500
vt 0.816200 0.616900
vt 0.819100 0.643300
vt 0.790900 0.639700
vt 0.720200 0.585700
vt 0.730600 0.591100
vt 0.739400 0.597300
vt 0.746500 0.604900
vt 0.752900 0.614100
vt 0.756800 0.625700
vt 0.757500 0.639100
vt 0.711000 0.611300
vt 0.715600 0.614000
vt 0.719200 0.617000
vt 0.722600 0.621000
vt 0.725000 0.625100
vt 0.726600 0.630000
vt 0.727200 0.635400
vt 0.809000 0.688800
vt 0.801900 0.713000
vt 0.797300 0.708000
vt 0.796700 0.722100
vt 0.787200 0.724000
vt 0.777200 0.744500
vt 0.773800 0.739400
vt 0.839600 0.670900
vt 0.819600 0.667800
vt 0.832900 0.699400
vt 0.813700 0.691100
vt 0.820400 0.725300
vt 0.803400 0.714200
vt 0.807300 0.744400
vt 0.790400 0.761000
vt 0.814300 0.665200
vt 0.788800 0.656200
vt 0.784800 0.672800
vt 0.777700 0.690500
vt 0.770100 0.704700
vt 0.758500 0.717900
vt 0.726700 0.639900
vt 0.725000 0.644400
vt 0.722300 0.649100
vt 0.719100 0.652500
vt 0.715000 0.655500
vt 0.756800 0.649300
vt 0.754200 0.658600
vt 0.749100 0.669300
vt 0.743300 0.678200
vt 0.735200 0.687500
vt 0.771500 0.776300
vt 0.760300 0.758600
vt 0.747200 0.787700
vt 0.740500 0.768100
vt 0.725000 0.791000
vt 0.722500 0.771900
vt 0.704800 0.793000
vt 0.705300 0.772400
vt 0.757200 0.753100
vt 0.739400 0.762000
vt 0.721500 0.764500
vt 0.704900 0.765000
vt 0.712100 0.657500
vt 0.708700 0.658600
vt 0.705200 0.659100
vt 0.725700 0.694600
vt 0.717300 0.698800
vt 0.709700 0.700800
vt 0.744600 0.729900
vt 0.731100 0.737200
vt 0.718300 0.741100
vt 0.516800 0.738400
vt 0.540000 0.738400
vt 0.536300 0.694600
vt 0.511800 0.695700
vt 0.561300 0.738400
vt 0.556600 0.693400
vt 0.520200 0.638000
vt 0.502500 0.645600
vt 0.538500 0.628800
vt 0.493100 0.584900
vt 0.472600 0.600100
vt 0.509900 0.573100
vt 0.457900 0.549300
vt 0.439800 0.571900
vt 0.470100 0.532700
vt 0.411400 0.524700
vt 0.400500 0.544500
vt 0.420500 0.505100
vt 0.358700 0.506600
vt 0.354000 0.527000
vt 0.362500 0.489300
vt 0.304100 0.501600
vt 0.305600 0.519700
vt 0.303900 0.485800
vt 0.487900 0.738400
vt 0.480600 0.699000
vt 0.467800 0.657900
vt 0.446600 0.621200
vt 0.418600 0.592900
vt 0.388500 0.568600
vt 0.348600 0.554700
vt 0.307300 0.547900
vt 0.457800 0.738400
vt 0.453000 0.702500
vt 0.441100 0.668300
vt 0.422500 0.641200
vt 0.401000 0.615900
vt 0.374400 0.595700
vt 0.340700 0.583400
vt 0.306500 0.579200
vt 0.429200 0.738400
vt 0.424100 0.706700
vt 0.413600 0.680300
vt 0.399800 0.656600
vt 0.383200 0.639600
vt 0.360500 0.620700
vt 0.334200 0.610200
vt 0.304300 0.607400
vt 0.407400 0.738400
vt 0.401800 0.711700
vt 0.392100 0.690500
vt 0.380900 0.738400
vt 0.377600 0.718200
vt 0.304300 0.738400
vt 0.352100 0.738400
vt 0.349100 0.726100
vt 0.344600 0.716500
vt 0.339300 0.708800
vt 0.331900 0.701300
vt 0.324400 0.695900
vt 0.314900 0.692000
vt 0.304300 0.689800
vt 0.371500 0.701700
vt 0.363500 0.688100
vt 0.381300 0.672400
vt 0.323200 0.656600
vt 0.304300 0.652400
vt 0.328400 0.633100
vt 0.304300 0.629000
vt 0.351600 0.643000
vt 0.367800 0.655700
vt 0.352500 0.675700
vt 0.340200 0.664700
vt 0.256600 0.504100
vt 0.264100 0.520300
vt 0.210100 0.511800
vt 0.215900 0.525800
vt 0.163200 0.527900
vt 0.175100 0.542500
vt 0.129400 0.546800
vt 0.139200 0.557200
vt 0.098000 0.572400
vt 0.108300 0.580100
vt 0.254000 0.485300
vt 0.201500 0.493100
vt 0.152800 0.511400
vt 0.116200 0.532200
vt 0.083500 0.560000
vt 0.272500 0.548900
vt 0.234400 0.555000
vt 0.195400 0.572700
vt 0.165600 0.583100
vt 0.134900 0.601100
vt 0.275400 0.580700
vt 0.246800 0.584800
vt 0.213400 0.593100
vt 0.185400 0.605200
vt 0.161000 0.625900
vt 0.295500 0.690100
vt 0.286200 0.692700
vt 0.276500 0.697200
vt 0.269200 0.702800
vt 0.262600 0.710400
vt 0.285800 0.652900
vt 0.272400 0.657200
vt 0.256300 0.665500
vt 0.243300 0.675900
vt 0.225200 0.686400
vt 0.281800 0.628700
vt 0.262600 0.631500
vt 0.240700 0.639600
vt 0.221000 0.648500
vt 0.201100 0.664100
vt 0.293000 0.607000
vt 0.279800 0.616400
vt 0.258300 0.620100
vt 0.233300 0.627800
vt 0.211900 0.637600
vt 0.191200 0.652900
vt 0.277000 0.595000
vt 0.251100 0.598800
vt 0.221100 0.607100
vt 0.196200 0.618500
vt 0.174500 0.636800
vt 0.052900 0.591700
vt 0.067200 0.603300
vt 0.028600 0.633900
vt 0.045000 0.640800
vt 0.019000 0.673300
vt 0.034400 0.675700
vt 0.012200 0.709500
vt 0.030500 0.709400
vt 0.012100 0.738400
vt 0.031000 0.738400
vt 0.077400 0.610500
vt 0.056900 0.644000
vt 0.050900 0.679000
vt 0.048200 0.712000
vt 0.051100 0.738400
vt 0.258200 0.715800
vt 0.255500 0.722400
vt 0.253800 0.729100
vt 0.252700 0.735500
vt 0.252600 0.738400
vt 0.216900 0.697700
vt 0.209700 0.709700
vt 0.206300 0.721100
vt 0.204700 0.732100
vt 0.204100 0.738400
vt 0.184300 0.682400
vt 0.174500 0.698200
vt 0.169300 0.713400
vt 0.165500 0.728400
vt 0.164900 0.738400
vt 0.170600 0.673900
vt 0.158800 0.691900
vt 0.152100 0.708300
vt 0.147100 0.725800
vt 0.144700 0.738400
vt 0.136200 0.649100
vt 0.152100 0.661200
vt 0.120900 0.672700
vt 0.139000 0.682600
vt 0.111500 0.693800
vt 0.131500 0.701400
vt 0.105900 0.716700
vt 0.126400 0.721900
vt 0.106200 0.738400
vt 0.124400 0.738400
vt 0.105700 0.629400
vt 0.087700 0.656400
vt 0.077300 0.684600
vt 0.073900 0.712100
vt 0.080200 0.738400
vt 0.978400 0.961900
vt 0.964300 0.961900
vt 0.964300 0.990800
vt 0.978400 0.990800
vt 0.992400 0.961900
vt 0.992400 0.990800
vt 0.922200 0.961900
vt 0.908100 0.961900
vt 0.908100 0.990800
vt 0.922200 0.990800
vt 0.936200 0.961900
vt 0.936200 0.990800
vt 0.950300 0.961900
vt 0.950300 0.990800
vt 0.978400 0.932900
vt 0.964300 0.932900
vt 0.992400 0.932900
vt 0.922200 0.932900
vt 0.908100 0.932900
vt 0.936200 0.932900
vt 0.950300 0.932900
vt 0.978400 0.904000
vt 0.964300 0.904000
vt 0.992400 0.904000
vt 0.922200 0.904000
vt 0.908100 0.904000
vt 0.936200 0.904000
vt 0.950300 0.904000
vt 0.978400 0.875000
vt 0.964300 0.875000
vt 0.992400 0.875000
vt 0.922200 0.875000
vt 0.908100 0.875000
vt 0.936200 0.875000
vt 0.950300 0.875000
vt 0.978400 0.846100
vt 0.964300 0.846100
vt 0.992400 0.846100
vt 0.922200 0.846100
vt 0.908100 0.846100
vt 0.936200 0.846100
vt 0.950300 0.846100
vt 0.978400 0.817200
vt 0.964300 0.817200
vt 0.992400 0.817200
vt 0.922200 0.817100
vt 0.908100 0.817100
vt 0.936200 0.817100
vt 0.950300 0.817200
vt 0.978400 0.788200
vt 0.964300 0.788200
vt 0.992400 0.788200
vt 0.922200 0.788200
vt 0.908100 0.788200
vt 0.936200 0.788200
vt 0.950300 0.788200
vt 0.978400 0.759300
vt 0.964300 0.759300
vt 0.992400 0.759300
vt 0.922200 0.759200
vt 0.908100 0.759200
vt 0.936200 0.759300
vt 0.950300 0.759300
vt 0.978400 0.730300
vt 0.964300 0.730300
vt 0.992400 0.730300
vt 0.922200 0.730300
vt 0.908100 0.730300
vt 0.936200 0.730300
vt 0.950300 0.730300
vt 0.978400 0.701400
vt 0.964300 0.701400
vt 0.992400 0.701400
vt 0.922200 0.701400
vt 0.908100 0.701400
vt 0.936200 0.701400
vt 0.950300 0.701400
vt 0.978400 0.672400
vt 0.964300 0.672400
vt 0.992400 0.672400
vt 0.922200 0.672400
vt 0.908100 0.672400
vt 0.936200 0.672400
vt 0.950300 0.672400
vt 0.978400 0.643500
vt 0.964300 0.643500
vt 0.992400 0.643500
vt 0.922200 0.643500
vt 0.908100 0.643500
vt 0.936200 0.643500
vt 0.950300 0.643500
vt 0.978400 0.614500
vt 0.964300 0.614500
vt 0.992400 0.614500
vt 0.922200 0.614500
vt 0.908100 0.614500
vt 0.936200 0.614500
vt 0.950300 0.614500
vt 0.978400 0.585600
vt 0.964300 0.585600
vt 0.992400 0.585600
vt 0.922200 0.585600
vt 0.908100 0.585600
vt 0.936200 0.585600
vt 0.950300 0.585600
vt 0.978400 0.556600
vt 0.964300 0.556600
vt 0.992400 0.556600
vt 0.922200 0.556600
vt 0.908100 0.556600
vt 0.936200 0.556600
vt 0.950300 0.556600
vt 0.978400 0.527700
vt 0.964300 0.527700
vt 0.992400 0.527700
vt 0.922200 0.527700
vt 0.908100 0.527700
vt 0.936200 0.527700
vt 0.950300 0.527700
vt 0.978300 0.498800
vt 0.964200 0.498800
vt 0.992300 0.498800
vt 0.922100 0.498700
vt 0.908000 0.498700
vt 0.936100 0.498800
vt 0.950200 0.498800
vt 0.513400 0.782000
vt 0.536600 0.782400
vt 0.556900 0.783600
vt 0.501500 0.831400
vt 0.520500 0.839000
vt 0.538900 0.848200
vt 0.473600 0.876900
vt 0.493400 0.892100
vt 0.510200 0.903900
vt 0.440800 0.907000
vt 0.458200 0.927700
vt 0.470400 0.944300
vt 0.401500 0.933800
vt 0.411700 0.952300
vt 0.420900 0.971900
vt 0.354300 0.950000
vt 0.359100 0.970400
vt 0.362800 0.987700
vt 0.305900 0.957300
vt 0.304400 0.975400
vt 0.304200 0.991200
vt 0.481000 0.778000
vt 0.468100 0.819100
vt 0.447000 0.855800
vt 0.422200 0.882100
vt 0.388900 0.908400
vt 0.348900 0.922300
vt 0.307600 0.929100
vt 0.453300 0.774500
vt 0.441400 0.808700
vt 0.422800 0.835800
vt 0.401300 0.861100
vt 0.374800 0.881300
vt 0.341000 0.893600
vt 0.306800 0.897800
vt 0.424400 0.770300
vt 0.413900 0.796700
vt 0.400100 0.820400
vt 0.383600 0.837400
vt 0.360800 0.856300
vt 0.334500 0.866800
vt 0.304600 0.869600
vt 0.402100 0.765300
vt 0.392400 0.786500
vt 0.377900 0.758800
vt 0.349400 0.750900
vt 0.345000 0.760500
vt 0.339700 0.768100
vt 0.332200 0.775700
vt 0.324700 0.781100
vt 0.315200 0.785000
vt 0.304600 0.787100
vt 0.371800 0.775300
vt 0.363800 0.788900
vt 0.381600 0.804600
vt 0.304600 0.824600
vt 0.323500 0.820400
vt 0.328800 0.843900
vt 0.304600 0.848000
vt 0.351900 0.834000
vt 0.368100 0.821300
vt 0.352800 0.801300
vt 0.340500 0.812200
vt 0.264400 0.956700
vt 0.256900 0.972900
vt 0.216300 0.951200
vt 0.210400 0.965200
vt 0.173700 0.937900
vt 0.163600 0.949100
vt 0.140400 0.920600
vt 0.129700 0.930200
vt 0.107700 0.896900
vt 0.098300 0.904600
vt 0.254400 0.991700
vt 0.201800 0.983900
vt 0.153100 0.965600
vt 0.116600 0.944800
vt 0.083800 0.917000
vt 0.272800 0.928100
vt 0.234700 0.922000
vt 0.195700 0.908500
vt 0.165100 0.895600
vt 0.133500 0.875000
vt 0.275700 0.896300
vt 0.247100 0.892200
vt 0.213700 0.883900
vt 0.185800 0.871700
vt 0.161300 0.851100
vt 0.295800 0.786900
vt 0.286500 0.784300
vt 0.276800 0.779800
vt 0.269600 0.774200
vt 0.262900 0.766600
vt 0.286100 0.824100
vt 0.272700 0.819800
vt 0.256600 0.811500
vt 0.243600 0.801100
vt 0.225500 0.790600
vt 0.282100 0.848300
vt 0.262900 0.845500
vt 0.241000 0.837400
vt 0.221300 0.828500
vt 0.201500 0.812900
vt 0.280200 0.860500
vt 0.293300 0.870000
vt 0.258600 0.856900
vt 0.233600 0.849200
vt 0.212200 0.839400
vt 0.191500 0.824100
vt 0.277300 0.882000
vt 0.251400 0.878200
vt 0.221400 0.869900
vt 0.196500 0.858400
vt 0.174800 0.840200
vt 0.067600 0.873700
vt 0.053300 0.885300
vt 0.045300 0.836200
vt 0.028900 0.843100
vt 0.034700 0.801300
vt 0.019400 0.803700
vt 0.030800 0.767600
vt 0.012500 0.767500
vt 0.077700 0.866500
vt 0.057200 0.833000
vt 0.049200 0.798000
vt 0.045400 0.765500
vt 0.258500 0.761200
vt 0.255800 0.754600
vt 0.254100 0.747900
vt 0.253000 0.741500
vt 0.217200 0.779300
vt 0.210000 0.767300
vt 0.206600 0.755900
vt 0.205000 0.744900
vt 0.184600 0.794600
vt 0.174800 0.778800
vt 0.169600 0.763600
vt 0.165800 0.748600
vt 0.170900 0.803100
vt 0.159100 0.785100
vt 0.152400 0.768700
vt 0.147500 0.751200
vt 0.152400 0.815800
vt 0.136600 0.827900
vt 0.139300 0.794400
vt 0.121300 0.804200
vt 0.131800 0.775600
vt 0.111800 0.783200
vt 0.126700 0.755100
vt 0.106200 0.760300
vt 0.106100 0.847600
vt 0.088000 0.820600
vt 0.077600 0.792400
vt 0.074300 0.764900
vt 0.978200 0.035600
vt 0.978200 0.006700
vt 0.964200 0.006700
vt 0.964200 0.035600
vt 0.992300 0.035600
vt 0.992300 0.006700
vt 0.922000 0.035600
vt 0.922000 0.006700
vt 0.908000 0.006700
vt 0.908000 0.035600
vt 0.936100 0.035600
vt 0.936100 0.006700
vt 0.950100 0.035600
vt 0.950100 0.006700
vt 0.978200 0.064600
vt 0.964200 0.064600
vt 0.992300 0.064600
vt 0.922000 0.064600
vt 0.908000 0.064600
vt 0.936100 0.064600
vt 0.950100 0.064600
vt 0.978200 0.093500
vt 0.964200 0.093500
vt 0.992300 0.093500
vt 0.922000 0.093500
vt 0.908000 0.093500
vt 0.936100 0.093500
vt 0.950100 0.093500
vt 0.978200 0.122500
vt 0.964200 0.122500
vt 0.992300 0.122500
vt 0.922000 0.122500
vt 0.908000 0.122500
vt 0.936100 0.122500
vt 0.950100 0.122500
vt 0.978200 0.151400
vt 0.964200 0.151400
vt 0.992300 0.151400
vt 0.922000 0.151400
vt 0.908000 0.151400
vt 0.936100 0.151400
vt 0.950100 0.151400
vt 0.978200 0.180400
vt 0.964200 0.180400
vt 0.992300 0.180400
vt 0.922000 0.180400
vt 0.908000 0.180400
vt 0.936100 0.180400
vt 0.950100 0.180400
vt 0.978200 0.209300
vt 0.964200 0.209300
vt 0.992300 0.209300
vt 0.922000 0.209300
vt 0.908000 0.209300
vt 0.936100 0.209300
vt 0.950100 0.209300
vt 0.978200 0.238300
vt 0.964200 0.238300
vt 0.992300 0.238300
vt 0.922000 0.238300
vt 0.908000 0.238300
vt 0.936100 0.238300
vt 0.950100 0.238300
vt 0.978200 0.267200
vt 0.964200 0.267200
vt 0.992300 0.267200
vt 0.922000 0.267200
vt 0.908000 0.267200
vt 0.936100 0.267200
vt 0.950100 0.267200
vt 0.978200 0.296200
vt 0.964200 0.296200
vt 0.992300 0.296200
vt 0.922000 0.296100
vt 0.908000 0.296100
vt 0.936100 0.296100
vt 0.950100 0.296200
vt 0.978200 0.325100
vt 0.964200 0.325100
vt 0.992300 0.325100
vt 0.922000 0.325100
vt 0.908000 0.325100
vt 0.936100 0.325100
vt 0.950100 0.325100
vt 0.978200 0.354000
vt 0.964200 0.354000
vt 0.992300 0.354000
vt 0.922000 0.354000
vt 0.908000 0.354000
vt 0.936100 0.354000
vt 0.950100 0.354000
vt 0.978200 0.383000
vt 0.964200 0.383000
vt 0.992300 0.383000
vt 0.922000 0.383000
vt 0.908000 0.383000
vt 0.936100 0.383000
vt 0.950100 0.383000
vt 0.978200 0.411900
vt 0.964200 0.411900
vt 0.992300 0.411900
vt 0.922000 0.411900
vt 0.908000 0.411900
vt 0.936100 0.411900
vt 0.950100 0.411900
vt 0.978200 0.440900
vt 0.964200 0.440900
vt 0.992300 0.440900
vt 0.922000 0.440900
vt 0.908000 0.440900
vt 0.936100 0.440900
vt 0.950100 0.440900
vt 0.978200 0.469800
vt 0.964200 0.469800
vt 0.992300 0.469800
vt 0.922000 0.469800
vt 0.908000 0.469800
vt 0.936100 0.469800
vt 0.950100 0.469800
vt 0.858400 0.687700
vt 0.867900 0.687700
vt 0.867900 0.643800
vt 0.858400 0.643900
vt 0.856800 0.724400
vt 0.866600 0.720200
vt 0.845900 0.757500
vt 0.858900 0.756500
vt 0.828800 0.780000
vt 0.839100 0.789100
vt 0.797500 0.809300
vt 0.811400 0.812900
vt 0.755300 0.846900
vt 0.759500 0.853700
vt 0.743800 0.869100
vt 0.752200 0.871500
vt 0.756300 0.920500
vt 0.762200 0.914600
vt 0.751500 0.894500
vt 0.747500 0.896300
vt 0.805900 0.953200
vt 0.804300 0.945400
vt 0.867900 0.599800
vt 0.857600 0.600100
vt 0.867000 0.567400
vt 0.858000 0.564900
vt 0.851100 0.533500
vt 0.841800 0.534900
vt 0.838400 0.508000
vt 0.826900 0.509600
vt 0.816300 0.486000
vt 0.806200 0.488700
vt 0.763900 0.445400
vt 0.755900 0.449900
vt 0.757000 0.427500
vt 0.746700 0.429400
vt 0.743200 0.405000
vt 0.756400 0.404400
vt 0.767000 0.384400
vt 0.759400 0.379200
vt 0.809200 0.353600
vt 0.803000 0.340500
vt 0.367600 0.354200
vt 0.409000 0.354200
vt 0.411300 0.394100
vt 0.367600 0.394000
vt 0.445800 0.355700
vt 0.448500 0.395700
vt 0.484300 0.355200
vt 0.487200 0.394400
vt 0.517900 0.355200
vt 0.512900 0.404800
vt 0.560400 0.356700
vt 0.545300 0.428900
vt 0.591400 0.357100
vt 0.587600 0.479400
vt 0.626500 0.357200
vt 0.605300 0.486100
vt 0.654000 0.354400
vt 0.647800 0.474500
vt 0.628400 0.485900
vt 0.679300 0.351800
vt 0.676700 0.431200
vt 0.709600 0.355700
vt 0.699200 0.386800
vt 0.874300 0.951500
vt 0.871800 0.925800
vt 0.868900 0.897300
vt 0.871300 0.861500
vt 0.872900 0.828600
vt 0.874600 0.800200
vt 0.886800 0.755600
vt 0.897500 0.720300
vt 0.898300 0.688200
vt 0.898400 0.643800
vt 0.899100 0.600100
vt 0.897500 0.567900
vt 0.884700 0.531500
vt 0.875700 0.501000
vt 0.873900 0.473000
vt 0.876100 0.437400
vt 0.873800 0.401600
vt 0.876600 0.373100
vt 0.879200 0.347500
vt 0.027600 0.353500
vt 0.057900 0.349600
vt 0.060400 0.429000
vt 0.038400 0.384600
vt 0.083300 0.352200
vt 0.089200 0.472400
vt 0.110800 0.355100
vt 0.108600 0.483800
vt 0.145800 0.355000
vt 0.149400 0.477400
vt 0.131700 0.484100
vt 0.182700 0.354700
vt 0.191700 0.427000
vt 0.218300 0.354200
vt 0.220300 0.402800
vt 0.250900 0.354300
vt 0.248900 0.393500
vt 0.291300 0.355700
vt 0.286700 0.395700
vt 0.329100 0.354200
vt 0.323900 0.394100
vt 0.797000 0.106800
vt 0.798200 0.099000
vt 0.856500 0.099200
vt 0.869400 0.104500
vt 0.767800 0.112400
vt 0.768700 0.103800
vt 0.731400 0.090800
vt 0.744000 0.092500
vt 0.771900 0.077800
vt 0.770800 0.084600
vt 0.786200 0.082100
vt 0.789800 0.088200
vt 0.786200 0.071000
vt 0.789800 0.065100
vt 0.738400 0.071100
vt 0.744000 0.065100
vt 0.738400 0.049700
vt 0.744000 0.053700
vt 0.784200 0.049400
vt 0.789800 0.053700
vt 0.784300 0.037300
vt 0.789800 0.030300
vt 0.770000 0.041000
vt 0.770800 0.033800
vt 0.730200 0.027700
vt 0.744000 0.026300
vt 0.767700 0.008300
vt 0.768700 0.014800
vt 0.800600 0.012900
vt 0.798200 0.019500
vt 0.870700 0.013300
vt 0.856500 0.019600
vt 0.588400 0.895500
vt 0.590900 0.873800
vt 0.560500 0.882700
vt 0.590900 0.816300
vt 0.588400 0.794700
vt 0.560500 0.807800
vt 0.621900 0.890100
vt 0.612400 0.877800
vt 0.560500 0.851700
vt 0.612400 0.851700
vt 0.612400 0.838800
vt 0.560500 0.838800
vt 0.612400 0.812300
vt 0.621900 0.800100
vt 0.687900 0.890300
vt 0.687900 0.800200
vt 0.388300 0.006200
vt 0.415000 0.006200
vt 0.415000 0.086400
vt 0.388300 0.086400
vt 0.424900 0.017200
vt 0.424900 0.075400
vt 0.458700 0.017200
vt 0.468500 0.006200
vt 0.468500 0.086400
vt 0.458700 0.075400
vt 0.495300 0.006200
vt 0.495300 0.086400
vt 0.111000 0.032200
vt 0.111100 0.090300
vt 0.091800 0.090300
vt 0.091700 0.032300
vt 0.082900 0.081300
vt 0.084400 0.040000
vt 0.060200 0.040100
vt 0.060800 0.082100
vt 0.053200 0.090500
vt 0.053500 0.032200
vt 0.034300 0.090500
vt 0.034000 0.032400
vt 0.137700 0.032200
vt 0.137700 0.090000
vt 0.111100 0.116900
vt 0.091800 0.117300
vt 0.082900 0.107900
vt 0.060800 0.108700
vt 0.053700 0.117100
vt 0.033900 0.117100
vt 0.007300 0.090700
vt 0.007300 0.032900
vt 0.034200 0.005600
vt 0.053500 0.005600
vt 0.060200 0.013500
vt 0.084400 0.013400
vt 0.091700 0.005700
vt 0.111000 0.005600
vt 0.441800 0.072900
vt 0.441800 0.019800
vt 0.072500 0.042000
vt 0.073400 0.081300
vt 0.073400 0.107900
vt 0.072500 0.015400
vt 0.561900 0.952400
vt 0.526000 0.952400
vt 0.526000 0.961500
vt 0.561900 0.961500
vt 0.561400 0.903400
vt 0.525500 0.903400
vt 0.526000 0.916500
vt 0.561900 0.916500
vt 0.597800 0.952400
vt 0.597800 0.961500
vt 0.597300 0.903400
vt 0.597800 0.916500
vt 0.633700 0.952400
vt 0.633700 0.961500
vt 0.633100 0.903400
vt 0.633700 0.916500
vt 0.669500 0.952400
vt 0.669500 0.961500
vt 0.669000 0.903400
vt 0.669500 0.916500
vt 0.705400 0.952400
vt 0.705400 0.961500
vt 0.704900 0.903400
vt 0.705400 0.916500
vt 0.741300 0.952400
vt 0.741300 0.961500
vt 0.740800 0.903400
vt 0.741300 0.916500
vt 0.448600 0.256500
vt 0.406600 0.256500
vt 0.406600 0.260700
vt 0.448600 0.260700
vt 0.448600 0.302700
vt 0.406600 0.302700
vt 0.406600 0.306900
vt 0.448600 0.306900
vt 0.490700 0.256500
vt 0.490700 0.260700
vt 0.490700 0.302700
vt 0.490700 0.306900
vt 0.472800 0.426600
vt 0.507500 0.426600
vt 0.507500 0.409200
vt 0.472800 0.409200
vt 0.472800 0.461300
vt 0.507500 0.461300
vt 0.507500 0.443900
vt 0.472800 0.443900
vt 0.438100 0.426600
vt 0.438100 0.409200
vt 0.438100 0.461300
vt 0.438100 0.443900
vt 0.403400 0.426600
vt 0.403400 0.409200
vt 0.403400 0.461300
vt 0.403400 0.443900
vt 0.368600 0.426600
vt 0.368600 0.409200
vt 0.368600 0.461300
vt 0.368600 0.443900
vt 0.333900 0.426600
vt 0.333900 0.409200
vt 0.333900 0.461300
vt 0.333900 0.443900
vt 0.299200 0.426600
vt 0.299200 0.409200
vt 0.299200 0.461300
vt 0.299200 0.443900
vt 0.264500 0.426600
vt 0.264500 0.409200
vt 0.264500 0.461300
vt 0.264500 0.443900
vt 0.229800 0.426600
vt 0.229800 0.409200
vt 0.229800 0.461300
vt 0.229800 0.443900
vt 0.325700 0.108600
vt 0.354500 0.123300
vt 0.327400 0.078300
vt 0.245600 0.037300
vt 0.288500 0.048100
vt 0.287500 0.035400
vt 0.241900 0.024500
vt 0.089500 0.122900
vt 0.056400 0.146500
vt 0.065700 0.146600
vt 0.101100 0.122500
vt 0.031400 0.180200
vt 0.023200 0.215100
vt 0.032800 0.212300
vt 0.041200 0.180300
vt 0.052000 0.276100
vt 0.058400 0.267200
vt 0.041600 0.242000
vt 0.032500 0.246600
vt 0.216100 0.259200
vt 0.107000 0.273100
vt 0.158900 0.290700
vt 0.244700 0.273800
vt 0.278500 0.280500
vt 0.227000 0.309700
vt 0.278400 0.316500
vt 0.313000 0.278200
vt 0.343700 0.267500
vt 0.337100 0.301300
vt 0.377200 0.278600
vt 0.370600 0.250400
vt 0.393000 0.227900
vt 0.396500 0.259600
vt 0.411000 0.233200
vt 0.407900 0.202700
vt 0.288200 0.059600
vt 0.292000 0.101800
vt 0.249100 0.048400
vt 0.199900 0.036700
vt 0.205600 0.115800
vt 0.257500 0.104200
vt 0.074900 0.147000
vt 0.051900 0.178700
vt 0.180900 0.156400
vt 0.190300 0.133700
vt 0.177600 0.184300
vt 0.044900 0.209500
vt 0.052300 0.238400
vt 0.180900 0.212900
vt 0.194300 0.238400
vt 0.068100 0.257800
vt 0.368400 0.212700
vt 0.373900 0.191200
vt 0.282600 0.188100
vt 0.370800 0.169600
vt 0.359600 0.150400
vt 0.341300 0.134900
vt 0.317300 0.124600
vt 0.289000 0.121100
vt 0.260700 0.125300
vt 0.235900 0.136100
vt 0.216300 0.152100
vt 0.203300 0.171600
vt 0.197900 0.193300
vt 0.200900 0.214700
vt 0.211800 0.233300
vt 0.229700 0.248200
vt 0.253400 0.258000
vt 0.281600 0.261100
vt 0.310000 0.257300
vt 0.335000 0.247100
vt 0.355300 0.231500
vt 0.111700 0.123300
vt 0.101100 0.284000
vt 0.097300 0.295200
vt 0.157300 0.314500
vt 0.159900 0.300800
vt 0.225000 0.320800
vt 0.221100 0.338000
vt 0.276300 0.344300
vt 0.276700 0.328400
vt 0.338900 0.309000
vt 0.341600 0.328900
vt 0.382200 0.301300
vt 0.331800 0.058200
vt 0.327300 0.069500
vt 0.191200 0.016200
vt 0.196700 0.026400
vt 0.448200 0.237600
vt 0.448200 0.206400
vt 0.402700 0.103500
vt 0.367300 0.080600
vt 0.448200 0.107000
vt 0.398200 0.148500
vt 0.448200 0.154400
vt 0.571300 0.107800
vt 0.569700 0.077500
vt 0.542600 0.122400
vt 0.651500 0.036400
vt 0.655200 0.023700
vt 0.609500 0.034600
vt 0.608600 0.047200
vt 0.811700 0.114600
vt 0.799400 0.120300
vt 0.843600 0.137600
vt 0.853800 0.134700
vt 0.879300 0.165700
vt 0.868700 0.164400
vt 0.877300 0.197000
vt 0.886900 0.199900
vt 0.856400 0.261600
vt 0.881700 0.228900
vt 0.870600 0.223700
vt 0.846800 0.253300
vt 0.681000 0.258400
vt 0.652300 0.273000
vt 0.751900 0.303600
vt 0.800800 0.277600
vt 0.618600 0.279700
vt 0.584100 0.277400
vt 0.618600 0.315600
vt 0.671000 0.318300
vt 0.553400 0.266700
vt 0.526500 0.249600
vt 0.519800 0.277800
vt 0.560000 0.300400
vt 0.504100 0.227000
vt 0.489200 0.201900
vt 0.486000 0.232400
vt 0.500600 0.258800
vt 0.605100 0.101000
vt 0.608800 0.058800
vt 0.648000 0.047600
vt 0.639600 0.103400
vt 0.689200 0.122100
vt 0.697200 0.035800
vt 0.832200 0.140000
vt 0.703400 0.138600
vt 0.714500 0.158300
vt 0.857400 0.165200
vt 0.718800 0.183500
vt 0.716100 0.212100
vt 0.857900 0.219400
vt 0.865300 0.194300
vt 0.702800 0.237600
vt 0.837800 0.243200
vt 0.528700 0.211900
vt 0.614500 0.187300
vt 0.523100 0.190400
vt 0.526300 0.168800
vt 0.537500 0.149600
vt 0.555800 0.134000
vt 0.579700 0.123800
vt 0.608100 0.120300
vt 0.636400 0.124400
vt 0.661200 0.135300
vt 0.680800 0.151300
vt 0.693800 0.170800
vt 0.699200 0.192500
vt 0.696200 0.213800
vt 0.685300 0.232500
vt 0.667400 0.247400
vt 0.643700 0.257200
vt 0.615500 0.260200
vt 0.587100 0.256500
vt 0.562100 0.246200
vt 0.541800 0.230700
vt 0.788400 0.123500
vt 0.806700 0.288500
vt 0.750900 0.313700
vt 0.753500 0.327400
vt 0.810500 0.299700
vt 0.672900 0.329400
vt 0.620400 0.327600
vt 0.620800 0.343500
vt 0.676800 0.346600
vt 0.558200 0.308100
vt 0.514900 0.300400
vt 0.555500 0.328100
vt 0.565300 0.057400
vt 0.569800 0.068600
vt 0.700400 0.025600
vt 0.705900 0.015300
vt 0.529800 0.079800
vt 0.494300 0.102600
vt 0.498800 0.147700
vt 0.522400 0.916500
vt 0.522400 0.952400
vt 0.744900 0.952400
vt 0.744900 0.916500
vt 0.402400 0.302700
vt 0.402400 0.260700
vt 0.494900 0.302700
vt 0.494900 0.260700
vt 0.521400 0.461300
vt 0.521400 0.443900
vt 0.215900 0.461300
vt 0.215900 0.443900
vt 0.386300 0.197900
vt 0.379400 0.222600
vt 0.403000 0.174100
vt 0.383200 0.172500
vt 0.370900 0.149400
vt 0.323400 0.116300
vt 0.350500 0.130000
vt 0.291400 0.109800
vt 0.258700 0.112100
vt 0.230000 0.122200
vt 0.207100 0.138800
vt 0.191700 0.160100
vt 0.184900 0.184800
vt 0.187900 0.210100
vt 0.200000 0.233100
vt 0.220200 0.252400
vt 0.247100 0.266100
vt 0.279100 0.272500
vt 0.311800 0.270300
vt 0.340700 0.260200
vt 0.363800 0.243800
vt 0.448200 0.177800
vt 0.517600 0.221700
vt 0.510800 0.197100
vt 0.513900 0.171700
vt 0.494100 0.173300
vt 0.526200 0.148600
vt 0.546600 0.129200
vt 0.573700 0.115400
vt 0.605700 0.109000
vt 0.638400 0.111200
vt 0.667100 0.121400
vt 0.690700 0.138600
vt 0.705400 0.159300
vt 0.712100 0.184000
vt 0.709200 0.209300
vt 0.697100 0.232300
vt 0.676900 0.251600
vt 0.650000 0.265300
vt 0.618000 0.271700
vt 0.585300 0.269500
vt 0.556400 0.259400
vt 0.533300 0.243000
vt 0.526000 0.991900
vt 0.561900 0.991900
vt 0.597800 0.991900
vt 0.633700 0.991900
vt 0.669500 0.991900
vt 0.705400 0.991900
vt 0.741300 0.991900
vt 0.406600 0.349000
vt 0.448600 0.349000
vt 0.490700 0.349000
vt 0.472800 0.478600
vt 0.507500 0.478600
vt 0.438100 0.478600
vt 0.403400 0.478600
vt 0.368600 0.478600
vt 0.333900 0.478600
vt 0.299200 0.478600
vt 0.264500 0.478600
vt 0.229800 0.478600
s 1
usemtl 08___Default
f 1/1/1 2/2/1 3/3/1
f 1/1/1 3/3/1 4/4/1
f 5/5/2 6/6/2 7/7/2
f 5/5/2 7/7/2 8/8/2
f 9/9/3 10/10/3 11/11/3
f 9/9/3 11/11/3 12/12/3
f 13/10/4 14/13/4 15/14/4
f 13/10/4 15/14/4 16/11/5
f 17/15/6 18/16/6 19/17/6
f 17/15/6 19/17/6 20/18/6
f 21/18/7 22/17/8 23/14/7
f 21/18/7 23/14/7 24/13/7
f 25/19/9 26/20/10 27/21/11
f 25/19/9 27/21/11 28/22/12
f 26/20/10 29/23/13 30/24/14
f 26/20/10 30/24/14 27/21/11
f 29/23/13 31/25/15 32/26/16
f 29/23/13 32/26/16 30/24/14
f 32/26/16 31/25/15 33/27/17
f 32/26/16 33/27/17 34/28/18
f 34/28/18 33/27/17 35/29/19
f 34/28/18 35/29/19 36/30/20
f 36/30/20 35/29/19 37/31/21
f 36/30/20 37/31/21 38/32/22
f 38/32/22 37/31/21 39/33/23
f 38/32/22 39/33/23 40/34/24
f 41/35/25 42/36/26 43/37/27
f 41/35/25 43/37/27 44/38/28
f 42/36/26 45/39/29 46/40/30
f 42/36/26 46/40/30 43/37/27
f 47/41/31 48/42/32 46/40/30
f 47/41/31 46/40/30 45/39/29
f 49/43/33 50/44/34 48/42/32
f 49/43/33 48/42/32 47/41/31
f 51/45/35 52/46/36 50/44/34
f 51/45/35 50/44/34 49/43/33
f 53/47/37 54/48/38 52/46/36
f 53/47/37 52/46/36 51/45/35
f 53/47/37 55/49/39 56/50/40
f 53/47/37 56/50/40 54/48/38
f 57/51/41 58/52/42 42/36/26
f 57/51/41 42/36/26 41/35/25
f 58/52/42 59/53/43 45/39/29
f 58/52/42 45/39/29 42/36/26
f 59/53/43 60/54/44 47/41/31
f 59/53/43 47/41/31 45/39/29
f 61/55/45 49/43/33 47/41/31
f 61/55/45 47/41/31 60/54/44
f 61/55/45 62/56/46 51/45/35
f 61/55/45 51/45/35 49/43/33
f 63/57/47 53/47/37 51/45/35
f 63/57/47 51/45/35 62/56/46
f 63/57/47 64/58/48 55/49/39
f 63/57/47 55/49/39 53/47/37
f 65/59/49 66/60/50 67/61/51
f 67/61/51 66/60/50 58/52/42
f 67/61/51 58/52/42 57/51/41
f 65/59/49 68/62/52 66/60/50
f 65/59/49 69/63/53 68/62/52
f 65/59/49 70/64/54 69/63/53
f 65/59/49 71/65/55 70/64/54
f 65/59/49 72/66/56 71/65/55
f 65/59/49 73/67/57 72/66/56
f 66/60/50 68/62/52 59/53/43
f 66/60/50 59/53/43 58/52/42
f 59/53/43 68/62/52 69/63/53
f 59/53/43 69/63/53 60/54/44
f 73/67/57 64/58/48 63/57/47
f 73/67/57 63/57/47 72/66/56
f 60/54/44 69/63/53 70/64/54
f 60/54/44 70/64/54 61/55/45
f 61/55/45 70/64/54 71/65/55
f 61/55/45 71/65/55 62/56/46
f 62/56/46 71/65/55 72/66/56
f 62/56/46 72/66/56 63/57/47
f 74/68/58 75/69/59 76/70/60
f 77/71/61 78/72/62 76/70/60
f 77/71/61 76/70/60 75/69/59
f 78/72/62 77/71/61 79/73/63
f 78/72/62 79/73/63 80/74/64
f 39/33/23 81/75/65 82/76/66
f 39/33/23 82/76/66 40/34/24
f 81/75/65 83/77/67 84/78/68
f 81/75/65 84/78/68 82/76/66
f 83/77/67 85/79/69 86/80/70
f 83/77/67 86/80/70 84/78/68
f 78/72/62 87/81/71 86/80/70
f 78/72/62 86/80/70 85/79/69
f 87/81/71 78/72/62 80/74/64
f 87/81/71 80/74/64 88/82/72
f 55/49/39 89/83/73 90/84/74
f 55/49/39 90/84/74 56/50/40
f 89/83/73 91/85/75 74/68/58
f 89/83/73 74/68/58 90/84/74
f 91/85/75 92/86/76 75/69/59
f 91/85/75 75/69/59 74/68/58
f 75/69/59 92/86/76 93/87/77
f 75/69/59 93/87/77 77/71/61
f 93/87/77 94/88/78 79/73/63
f 93/87/77 79/73/63 77/71/61
f 65/59/49 95/89/79 73/67/57
f 65/59/49 96/90/80 95/89/79
f 65/59/49 97/91/81 96/90/80
f 65/59/49 98/92/82 97/91/81
f 65/59/49 99/93/83 98/92/82
f 64/58/48 73/67/57 95/89/79
f 64/58/48 95/89/79 100/94/84
f 95/89/79 96/90/80 101/95/85
f 95/89/79 101/95/85 100/94/84
f 96/90/80 97/91/81 102/96/86
f 96/90/80 102/96/86 101/95/85
f 102/96/86 97/91/81 98/92/82
f 102/96/86 98/92/82 103/97/87
f 98/92/82 99/93/83 104/98/88
f 98/92/82 104/98/88 103/97/87
f 64/58/48 100/94/84 89/83/73
f 64/58/48 89/83/73 55/49/39
f 100/94/84 101/95/85 91/85/75
f 100/94/84 91/85/75 89/83/73
f 101/95/85 102/96/86 92/86/76
f 101/95/85 92/86/76 91/85/75
f 92/86/76 102/96/86 103/97/87
f 92/86/76 103/97/87 93/87/77
f 103/97/87 104/98/88 94/88/78
f 103/97/87 94/88/78 93/87/77
f 88/82/72 80/74/64 105/99/89
f 88/82/72 105/99/89 106/100/90
f 106/100/90 105/99/89 107/101/91
f 106/100/90 107/101/91 108/102/92
f 108/102/92 107/101/91 109/103/93
f 108/102/92 109/103/93 110/104/94
f 110/104/94 109/103/93 111/105/95
f 110/104/94 111/105/95 112/106/96
f 112/106/96 111/105/95 113/107/97
f 112/106/96 113/107/97 114/108/98
f 80/74/64 79/73/63 115/109/99
f 80/74/64 115/109/99 105/99/89
f 105/99/89 115/109/99 116/110/100
f 105/99/89 116/110/100 107/101/91
f 107/101/91 116/110/100 117/111/101
f 107/101/91 117/111/101 109/103/93
f 109/103/93 117/111/101 118/112/102
f 109/103/93 118/112/102 111/105/95
f 111/105/95 118/112/102 119/113/103
f 111/105/95 119/113/103 113/107/97
f 65/59/49 120/114/104 99/93/83
f 65/59/49 121/115/105 120/114/104
f 65/59/49 122/116/106 121/115/105
f 65/59/49 123/117/107 122/116/106
f 104/98/88 99/93/83 120/114/104
f 104/98/88 120/114/104 124/118/108
f 124/118/108 120/114/104 121/115/105
f 124/118/108 121/115/105 125/119/109
f 125/119/109 121/115/105 122/116/106
f 125/119/109 122/116/106 126/120/110
f 122/116/106 123/117/107 127/121/111
f 122/116/106 127/121/111 126/120/110
f 94/88/78 104/98/88 124/118/108
f 94/88/78 124/118/108 128/122/112
f 128/122/112 124/118/108 125/119/109
f 128/122/112 125/119/109 129/123/113
f 129/123/113 125/119/109 126/120/110
f 129/123/113 126/120/110 130/124/114
f 126/120/110 127/121/111 131/125/115
f 126/120/110 131/125/115 130/124/114
f 79/73/63 94/88/78 128/122/112
f 79/73/63 128/122/112 115/109/99
f 115/109/99 128/122/112 129/123/113
f 115/109/99 129/123/113 116/110/100
f 116/110/100 129/123/113 130/124/114
f 116/110/100 130/124/114 117/111/101
f 117/111/101 130/124/114 131/125/115
f 117/111/101 131/125/115 118/112/102
f 131/125/115 119/113/103 118/112/102
f 25/19/9 28/22/12 132/126/116
f 25/19/9 132/126/116 133/127/117
f 133/127/117 132/126/116 134/128/118
f 133/127/117 134/128/118 135/129/119
f 135/129/119 134/128/118 136/130/120
f 135/129/119 136/130/120 137/131/121
f 136/130/120 138/132/122 139/133/123
f 136/130/120 139/133/123 137/131/121
f 138/132/122 140/134/124 141/135/125
f 138/132/122 141/135/125 139/133/123
f 140/134/124 142/136/126 143/137/127
f 140/134/124 143/137/127 141/135/125
f 142/136/126 144/138/128 145/139/129
f 142/136/126 145/139/129 143/137/127
f 41/35/25 44/38/28 146/140/130
f 41/35/25 146/140/130 147/141/131
f 147/141/131 146/140/130 148/142/132
f 147/141/131 148/142/132 149/143/133
f 150/144/134 149/143/133 148/142/132
f 150/144/134 148/142/132 151/145/135
f 152/146/136 150/144/134 151/145/135
f 152/146/136 151/145/135 153/147/137
f 154/148/138 152/146/136 153/147/137
f 154/148/138 153/147/137 155/149/139
f 156/150/140 154/148/138 155/149/139
f 156/150/140 155/149/139 157/151/141
f 156/150/140 157/151/141 158/152/142
f 156/150/140 158/152/142 159/153/143
f 57/51/41 41/35/25 147/141/131
f 57/51/41 147/141/131 160/154/144
f 160/154/144 147/141/131 149/143/133
f 160/154/144 149/143/133 161/155/145
f 161/155/145 149/143/133 150/144/134
f 161/155/145 150/144/134 162/156/146
f 163/157/147 162/156/146 150/144/134
f 163/157/147 150/144/134 152/146/136
f 163/157/147 152/146/136 154/148/138
f 163/157/147 154/148/138 164/158/148
f 165/159/149 164/158/148 154/148/138
f 165/159/149 154/148/138 156/150/140
f 165/159/149 156/150/140 159/153/143
f 165/159/149 159/153/143 166/160/150
f 65/59/49 67/61/51 167/161/151
f 67/61/51 57/51/41 160/154/144
f 67/61/51 160/154/144 167/161/151
f 65/59/49 167/161/151 168/162/152
f 65/59/49 168/162/152 169/163/153
f 65/59/49 169/163/153 170/164/154
f 65/59/49 170/164/154 171/165/155
f 65/59/49 171/165/155 172/166/156
f 65/59/49 172/166/156 173/167/157
f 167/161/151 160/154/144 161/155/145
f 167/161/151 161/155/145 168/162/152
f 161/155/145 162/156/146 169/163/153
f 161/155/145 169/163/153 168/162/152
f 173/167/157 172/166/156 165/159/149
f 173/167/157 165/159/149 166/160/150
f 162/156/146 163/157/147 170/164/154
f 162/156/146 170/164/154 169/163/153
f 163/157/147 164/158/148 171/165/155
f 163/157/147 171/165/155 170/164/154
f 164/158/148 165/159/149 172/166/156
f 164/158/148 172/166/156 171/165/155
f 174/168/158 175/169/159 176/170/160
f 176/170/160 175/169/159 177/171/161
f 176/170/160 177/171/161 178/172/162
f 177/171/161 179/173/163 180/174/164
f 177/171/161 180/174/164 178/172/162
f 145/139/129 144/138/128 181/175/165
f 145/139/129 181/175/165 182/176/166
f 182/176/166 181/175/165 183/177/167
f 182/176/166 183/177/167 184/178/168
f 184/178/168 183/177/167 185/179/169
f 184/178/168 185/179/169 186/180/170
f 177/171/161 186/180/170 185/179/169
f 177/171/161 185/179/169 187/181/171
f 187/181/171 188/182/172 179/173/163
f 187/181/171 179/173/163 177/171/161
f 159/153/143 158/152/142 189/183/173
f 159/153/143 189/183/173 190/184/174
f 190/184/174 189/183/173 174/168/158
f 190/184/174 174/168/158 191/185/175
f 191/185/175 174/168/158 176/170/160
f 191/185/175 176/170/160 192/186/176
f 176/170/160 178/172/162 193/187/177
f 176/170/160 193/187/177 192/186/176
f 193/187/177 178/172/162 180/174/164
f 193/187/177 180/174/164 194/188/178
f 65/59/49 173/167/157 195/189/179
f 65/59/49 195/189/179 196/190/180
f 65/59/49 196/190/180 197/191/181
f 65/59/49 197/191/181 198/192/182
f 65/59/49 198/192/182 199/193/183
f 166/160/150 200/194/184 195/189/179
f 166/160/150 195/189/179 173/167/157
f 195/189/179 200/194/184 201/195/185
f 195/189/179 201/195/185 196/190/180
f 196/190/180 201/195/185 202/196/186
f 196/190/180 202/196/186 197/191/181
f 202/196/186 203/197/187 198/192/182
f 202/196/186 198/192/182 197/191/181
f 198/192/182 203/197/187 204/198/188
f 198/192/182 204/198/188 199/193/183
f 166/160/150 159/153/143 190/184/174
f 166/160/150 190/184/174 200/194/184
f 200/194/184 190/184/174 191/185/175
f 200/194/184 191/185/175 201/195/185
f 201/195/185 191/185/175 192/186/176
f 201/195/185 192/186/176 202/196/186
f 192/186/176 193/187/177 203/197/187
f 192/186/176 203/197/187 202/196/186
f 203/197/187 193/187/177 194/188/178
f 203/197/187 194/188/178 204/198/188
f 188/182/172 205/199/189 206/200/190
f 188/182/172 206/200/190 179/173/163
f 205/199/189 207/201/191 208/202/192
f 205/199/189 208/202/192 206/200/190
f 207/201/191 209/203/193 210/204/194
f 207/201/191 210/204/194 208/202/192
f 209/203/193 211/205/195 212/206/196
f 209/203/193 212/206/196 210/204/194
f 211/205/195 114/108/98 113/107/97
f 211/205/195 113/107/97 212/206/196
f 179/173/163 206/200/190 213/207/197
f 179/173/163 213/207/197 180/174/164
f 206/200/190 208/202/192 214/208/198
f 206/200/190 214/208/198 213/207/197
f 208/202/192 210/204/194 215/209/199
f 208/202/192 215/209/199 214/208/198
f 210/204/194 212/206/196 216/210/200
f 210/204/194 216/210/200 215/209/199
f 212/206/196 113/107/97 119/113/103
f 212/206/196 119/113/103 216/210/200
f 65/59/49 199/193/183 217/211/201
f 65/59/49 217/211/201 218/212/202
f 65/59/49 218/212/202 219/213/203
f 65/59/49 219/213/203 123/117/107
f 204/198/188 220/214/204 217/211/201
f 204/198/188 217/211/201 199/193/183
f 220/214/204 221/215/205 218/212/202
f 220/214/204 218/212/202 217/211/201
f 221/215/205 222/216/206 219/213/203
f 221/215/205 219/213/203 218/212/202
f 219/213/203 222/216/206 127/121/111
f 219/213/203 127/121/111 123/117/107
f 194/188/178 223/217/207 220/214/204
f 194/188/178 220/214/204 204/198/188
f 223/217/207 224/218/208 221/215/205
f 223/217/207 221/215/205 220/214/204
f 224/218/208 225/219/209 222/216/206
f 224/218/208 222/216/206 221/215/205
f 222/216/206 225/219/209 131/125/115
f 222/216/206 131/125/115 127/121/111
f 180/174/164 213/207/197 223/217/207
f 180/174/164 223/217/207 194/188/178
f 213/207/197 214/208/198 224/218/208
f 213/207/197 224/218/208 223/217/207
f 214/208/198 215/209/199 225/219/209
f 214/208/198 225/219/209 224/218/208
f 215/209/199 216/210/200 131/125/115
f 215/209/199 131/125/115 225/219/209
f 131/125/115 216/210/200 119/113/103
f 226/220/210 227/221/211 228/222/212
f 226/220/210 228/222/212 229/223/213
f 227/221/211 230/224/214 231/225/215
f 227/221/211 231/225/215 228/222/212
f 229/223/213 228/222/212 232/226/216
f 229/223/213 232/226/216 233/227/217
f 228/222/212 231/225/215 234/228/218
f 228/222/212 234/228/218 232/226/216
f 233/227/217 232/226/216 235/229/219
f 233/227/217 235/229/219 236/230/220
f 232/226/216 234/228/218 237/231/221
f 232/226/216 237/231/221 235/229/219
f 235/229/219 238/232/222 239/233/223
f 235/229/219 239/233/223 236/230/220
f 237/231/221 240/234/224 238/232/222
f 237/231/221 238/232/222 235/229/219
f 238/232/222 241/235/225 242/236/226
f 238/232/222 242/236/226 239/233/223
f 240/234/224 243/237/227 241/235/225
f 240/234/224 241/235/225 238/232/222
f 241/235/225 244/238/228 245/239/229
f 241/235/225 245/239/229 242/236/226
f 243/237/227 246/240/230 244/238/228
f 243/237/227 244/238/228 241/235/225
f 244/238/228 247/241/231 248/242/232
f 244/238/228 248/242/232 245/239/229
f 246/240/230 249/243/233 247/241/231
f 246/240/230 247/241/231 244/238/228
f 250/244/234 226/220/210 229/223/213
f 250/244/234 229/223/213 251/245/235
f 251/245/235 229/223/213 233/227/217
f 251/245/235 233/227/217 252/246/236
f 253/247/237 252/246/236 233/227/217
f 253/247/237 233/227/217 236/230/220
f 254/248/238 253/247/237 236/230/220
f 254/248/238 236/230/220 239/233/223
f 255/249/239 254/248/238 239/233/223
f 255/249/239 239/233/223 242/236/226
f 256/250/240 255/249/239 242/236/226
f 256/250/240 242/236/226 245/239/229
f 256/250/240 245/239/229 248/242/232
f 256/250/240 248/242/232 257/251/241
f 258/252/242 250/244/234 251/245/235
f 258/252/242 251/245/235 259/253/243
f 259/253/243 251/245/235 252/246/236
f 259/253/243 252/246/236 260/254/244
f 252/246/236 253/247/237 261/255/245
f 252/246/236 261/255/245 260/254/244
f 253/247/237 254/248/238 262/256/246
f 253/247/237 262/256/246 261/255/245
f 254/248/238 255/249/239 263/257/247
f 254/248/238 263/257/247 262/256/246
f 255/249/239 256/250/240 264/258/248
f 255/249/239 264/258/248 263/257/247
f 264/258/248 256/250/240 257/251/241
f 264/258/248 257/251/241 265/259/249
f 266/260/250 258/252/242 259/253/243
f 266/260/250 259/253/243 267/261/251
f 267/261/251 259/253/243 260/254/244
f 267/261/251 260/254/244 268/262/252
f 268/262/252 260/254/244 261/255/245
f 268/262/252 261/255/245 269/263/253
f 270/264/254 269/263/253 261/255/245
f 270/264/254 261/255/245 262/256/246
f 270/264/254 262/256/246 263/257/247
f 270/264/254 263/257/247 271/265/255
f 272/266/256 271/265/255 263/257/247
f 272/266/256 263/257/247 264/258/248
f 272/266/256 264/258/248 265/259/249
f 272/266/256 265/259/249 273/267/257
f 274/268/258 266/260/250 267/261/251
f 274/268/258 267/261/251 275/269/259
f 275/269/259 267/261/251 268/262/252
f 275/269/259 268/262/252 276/270/260
f 277/271/261 274/268/258 275/269/259
f 277/271/261 275/269/259 278/272/262
f 279/273/263 280/274/264 281/275/265
f 280/274/264 277/271/261 278/272/262
f 280/274/264 278/272/262 281/275/265
f 279/273/263 281/275/265 282/276/266
f 279/273/263 282/276/266 283/277/267
f 279/273/263 283/277/267 284/278/268
f 279/273/263 284/278/268 285/279/269
f 279/273/263 285/279/269 286/280/270
f 279/273/263 286/280/270 287/281/271
f 281/275/265 278/272/262 288/282/272
f 281/275/265 288/282/272 282/276/266
f 288/282/272 289/283/273 283/277/267
f 288/282/272 283/277/267 282/276/266
f 278/272/262 275/269/259 276/270/260
f 278/272/262 276/270/260 288/282/272
f 289/283/273 288/282/272 276/270/260
f 289/283/273 276/270/260 290/284/274
f 276/270/260 268/262/252 269/263/253
f 276/270/260 269/263/253 290/284/274
f 287/281/271 286/280/270 291/285/275
f 287/281/271 291/285/275 292/286/276
f 293/287/277 294/288/278 292/286/276
f 293/287/277 292/286/276 291/285/275
f 293/287/277 272/266/256 273/267/257
f 293/287/277 273/267/257 294/288/278
f 271/265/255 272/266/256 293/287/277
f 271/265/255 293/287/277 295/289/279
f 296/290/280 270/264/254 271/265/255
f 296/290/280 271/265/255 295/289/279
f 296/290/280 290/284/274 269/263/253
f 296/290/280 269/263/253 270/264/254
f 289/283/273 297/291/281 284/278/268
f 289/283/273 284/278/268 283/277/267
f 297/291/281 298/292/282 285/279/269
f 297/291/281 285/279/269 284/278/268
f 298/292/282 291/285/275 286/280/270
f 298/292/282 286/280/270 285/279/269
f 290/284/274 296/290/280 297/291/281
f 290/284/274 297/291/281 289/283/273
f 296/290/280 295/289/279 298/292/282
f 296/290/280 298/292/282 297/291/281
f 295/289/279 293/287/277 291/285/275
f 295/289/279 291/285/275 298/292/282
f 248/242/232 247/241/231 299/293/283
f 248/242/232 299/293/283 300/294/284
f 300/294/284 299/293/283 301/295/285
f 300/294/284 301/295/285 302/296/286
f 302/296/286 301/295/285 303/297/287
f 302/296/286 303/297/287 304/298/288
f 303/297/287 305/299/289 306/300/290
f 303/297/287 306/300/290 304/298/288
f 305/299/289 307/301/291 308/302/292
f 305/299/289 308/302/292 306/300/290
f 247/241/231 249/243/233 309/303/293
f 247/241/231 309/303/293 299/293/283
f 299/293/283 309/303/293 310/304/294
f 299/293/283 310/304/294 301/295/285
f 301/295/285 310/304/294 311/305/295
f 301/295/285 311/305/295 303/297/287
f 311/305/295 312/306/296 305/299/289
f 311/305/295 305/299/289 303/297/287
f 312/306/296 313/307/297 307/301/291
f 312/306/296 307/301/291 305/299/289
f 257/251/241 248/242/232 300/294/284
f 257/251/241 300/294/284 314/308/298
f 314/308/298 300/294/284 302/296/286
f 314/308/298 302/296/286 315/309/299
f 315/309/299 302/296/286 304/298/288
f 315/309/299 304/298/288 316/310/300
f 304/298/288 306/300/290 317/311/301
f 304/298/288 317/311/301 316/310/300
f 317/311/301 306/300/290 308/302/292
f 317/311/301 308/302/292 318/312/302
f 265/259/249 257/251/241 314/308/298
f 265/259/249 314/308/298 319/313/303
f 319/313/303 314/308/298 315/309/299
f 319/313/303 315/309/299 320/314/304
f 320/314/304 315/309/299 316/310/300
f 320/314/304 316/310/300 321/315/305
f 322/316/306 321/315/305 316/310/300
f 322/316/306 316/310/300 317/311/301
f 322/316/306 317/311/301 318/312/302
f 322/316/306 318/312/302 323/317/307
f 279/273/263 287/281/271 324/318/308
f 279/273/263 324/318/308 325/319/309
f 279/273/263 325/319/309 326/320/310
f 279/273/263 326/320/310 327/321/311
f 279/273/263 327/321/311 328/322/312
f 292/286/276 329/323/313 324/318/308
f 292/286/276 324/318/308 287/281/271
f 324/318/308 329/323/313 330/324/314
f 324/318/308 330/324/314 325/319/309
f 325/319/309 330/324/314 331/325/315
f 325/319/309 331/325/315 326/320/310
f 331/325/315 332/326/316 327/321/311
f 331/325/315 327/321/311 326/320/310
f 327/321/311 332/326/316 333/327/317
f 327/321/311 333/327/317 328/322/312
f 294/288/278 334/328/318 329/323/313
f 294/288/278 329/323/313 292/286/276
f 329/323/313 334/328/318 335/329/319
f 329/323/313 335/329/319 330/324/314
f 330/324/314 335/329/319 336/330/320
f 330/324/314 336/330/320 331/325/315
f 336/330/320 337/331/321 332/326/316
f 336/330/320 332/326/316 331/325/315
f 332/326/316 337/331/321 338/332/322
f 332/326/316 338/332/322 333/327/317
f 273/267/257 339/333/323 340/334/324
f 273/267/257 340/334/324 334/328/318
f 294/288/278 273/267/257 334/328/318
f 334/328/318 340/334/324 341/335/325
f 334/328/318 341/335/325 335/329/319
f 335/329/319 341/335/325 342/336/326
f 335/329/319 342/336/326 336/330/320
f 342/336/326 343/337/327 337/331/321
f 342/336/326 337/331/321 336/330/320
f 337/331/321 343/337/327 344/338/328
f 337/331/321 344/338/328 338/332/322
f 273/267/257 265/259/249 319/313/303
f 273/267/257 319/313/303 339/333/323
f 319/313/303 345/339/329 339/333/323
f 345/339/329 319/313/303 320/314/304
f 345/339/329 320/314/304 346/340/330
f 346/340/330 320/314/304 321/315/305
f 346/340/330 321/315/305 347/341/331
f 321/315/305 322/316/306 348/342/332
f 321/315/305 348/342/332 347/341/331
f 348/342/332 322/316/306 323/317/307
f 348/342/332 323/317/307 349/343/333
f 313/307/297 350/344/334 351/345/335
f 313/307/297 351/345/335 307/301/291
f 350/344/334 352/346/336 353/347/337
f 350/344/334 353/347/337 351/345/335
f 352/346/336 354/348/338 355/349/339
f 352/346/336 355/349/339 353/347/337
f 354/348/338 356/350/340 357/351/341
f 354/348/338 357/351/341 355/349/339
f 356/350/340 358/352/342 359/353/343
f 356/350/340 359/353/343 357/351/341
f 307/301/291 351/345/335 360/354/344
f 307/301/291 360/354/344 308/302/292
f 351/345/335 353/347/337 361/355/345
f 351/345/335 361/355/345 360/354/344
f 353/347/337 355/349/339 362/356/346
f 353/347/337 362/356/346 361/355/345
f 355/349/339 357/351/341 363/357/347
f 355/349/339 363/357/347 362/356/346
f 357/351/341 359/353/343 364/358/348
f 357/351/341 364/358/348 363/357/347
f 279/273/263 328/322/312 365/359/349
f 279/273/263 365/359/349 366/360/350
f 279/273/263 366/360/350 367/361/351
f 279/273/263 367/361/351 368/362/352
f 279/273/263 368/362/352 369/363/353
f 333/327/317 370/364/354 365/359/349
f 333/327/317 365/359/349 328/322/312
f 370/364/354 371/365/355 366/360/350
f 370/364/354 366/360/350 365/359/349
f 371/365/355 372/366/356 367/361/351
f 371/365/355 367/361/351 366/360/350
f 367/361/351 372/366/356 373/367/357
f 367/361/351 373/367/357 368/362/352
f 373/367/357 374/368/358 369/363/353
f 373/367/357 369/363/353 368/362/352
f 338/332/322 375/369/359 370/364/354
f 338/332/322 370/364/354 333/327/317
f 375/369/359 376/370/360 371/365/355
f 375/369/359 371/365/355 370/364/354
f 376/370/360 377/371/361 372/366/356
f 376/370/360 372/366/356 371/365/355
f 372/366/356 377/371/361 378/372/362
f 372/366/356 378/372/362 373/367/357
f 378/372/362 379/373/363 374/368/358
f 378/372/362 374/368/358 373/367/357
f 344/338/328 380/374/364 375/369/359
f 344/338/328 375/369/359 338/332/322
f 380/374/364 381/375/365 376/370/360
f 380/374/364 376/370/360 375/369/359
f 381/375/365 382/376/366 377/371/361
f 381/375/365 377/371/361 376/370/360
f 377/371/361 382/376/366 383/377/367
f 377/371/361 383/377/367 378/372/362
f 383/377/367 384/378/368 379/373/363
f 383/377/367 379/373/363 378/372/362
f 323/317/307 385/379/369 386/380/370
f 323/317/307 386/380/370 349/343/333
f 385/379/369 387/381/371 388/382/372
f 385/379/369 388/382/372 386/380/370
f 387/381/371 389/383/373 390/384/374
f 387/381/371 390/384/374 388/382/372
f 390/384/374 389/383/373 391/385/375
f 390/384/374 391/385/375 392/386/376
f 391/385/375 393/387/377 394/388/378
f 391/385/375 394/388/378 392/386/376
f 308/302/292 360/354/344 395/389/379
f 308/302/292 395/389/379 318/312/302
f 360/354/344 361/355/345 396/390/380
f 360/354/344 396/390/380 395/389/379
f 361/355/345 362/356/346 397/391/381
f 361/355/345 397/391/381 396/390/380
f 362/356/346 363/357/347 398/392/382
f 362/356/346 398/392/382 397/391/381
f 363/357/347 364/358/348 399/393/383
f 363/357/347 399/393/383 398/392/382
f 318/312/302 395/389/379 385/379/369
f 318/312/302 385/379/369 323/317/307
f 395/389/379 396/390/380 387/381/371
f 395/389/379 387/381/371 385/379/369
f 396/390/380 397/391/381 389/383/373
f 396/390/380 389/383/373 387/381/371
f 398/392/382 391/385/375 389/383/373
f 398/392/382 389/383/373 397/391/381
f 398/392/382 399/393/383 393/387/377
f 398/392/382 393/387/377 391/385/375
f 400/394/384 401/395/385 402/396/386
f 400/394/384 402/396/386 403/397/387
f 404/398/11 400/394/384 403/397/387
f 404/398/11 403/397/387 405/399/12
f 406/400/388 407/401/215 408/402/214
f 406/400/388 408/402/214 409/403/389
f 410/404/390 406/400/388 409/403/389
f 410/404/390 409/403/389 411/405/391
f 412/406/392 410/404/390 411/405/391
f 412/406/392 411/405/391 413/407/393
f 401/395/385 412/406/392 413/407/393
f 401/395/385 413/407/393 402/396/386
f 414/408/394 415/409/395 401/395/385
f 414/408/394 401/395/385 400/394/384
f 416/410/14 414/408/394 400/394/384
f 416/410/14 400/394/384 404/398/11
f 417/411/396 418/412/218 407/401/215
f 417/411/396 407/401/215 406/400/388
f 419/413/397 417/411/396 406/400/388
f 419/413/397 406/400/388 410/404/390
f 420/414/398 419/413/397 410/404/390
f 420/414/398 410/404/390 412/406/392
f 415/409/395 420/414/398 412/406/392
f 415/409/395 412/406/392 401/395/385
f 421/415/399 422/416/400 415/409/395
f 421/415/399 415/409/395 414/408/394
f 423/417/16 421/415/399 414/408/394
f 423/417/16 414/408/394 416/410/14
f 424/418/401 425/419/221 418/412/218
f 424/418/401 418/412/218 417/411/396
f 426/420/402 424/418/401 417/411/396
f 426/420/402 417/411/396 419/413/397
f 427/421/403 426/420/402 419/413/397
f 427/421/403 419/413/397 420/414/398
f 422/416/400 427/421/403 420/414/398
f 422/416/400 420/414/398 415/409/395
f 428/422/404 429/423/405 422/416/400
f 428/422/404 422/416/400 421/415/399
f 430/424/18 428/422/404 421/415/399
f 430/424/18 421/415/399 423/417/16
f 431/425/406 432/426/224 425/419/221
f 431/425/406 425/419/221 424/418/401
f 433/427/407 431/425/406 424/418/401
f 433/427/407 424/418/401 426/420/402
f 434/428/408 433/427/407 426/420/402
f 434/428/408 426/420/402 427/421/403
f 429/423/405 434/428/408 427/421/403
f 429/423/405 427/421/403 422/416/400
f 435/429/409 436/430/410 429/423/405
f 435/429/409 429/423/405 428/422/404
f 437/431/20 435/429/409 428/422/404
f 437/431/20 428/422/404 430/424/18
f 438/432/411 439/433/227 432/426/224
f 438/432/411 432/426/224 431/425/406
f 440/434/412 438/432/411 431/425/406
f 440/434/412 431/425/406 433/427/407
f 441/435/413 440/434/412 433/427/407
f 441/435/413 433/427/407 434/428/408
f 436/430/410 441/435/413 434/428/408
f 436/430/410 434/428/408 429/423/405
f 442/436/414 443/437/415 436/430/410
f 442/436/414 436/430/410 435/429/409
f 444/438/22 442/436/414 435/429/409
f 444/438/22 435/429/409 437/431/20
f 445/439/416 446/440/230 439/433/227
f 445/439/416 439/433/227 438/432/411
f 447/441/417 445/439/416 438/432/411
f 447/441/417 438/432/411 440/434/412
f 448/442/418 447/441/417 440/434/412
f 448/442/418 440/434/412 441/435/413
f 443/437/415 448/442/418 441/435/413
f 443/437/415 441/435/413 436/430/410
f 449/443/419 450/444/420 443/437/415
f 449/443/419 443/437/415 442/436/414
f 451/445/24 449/443/419 442/436/414
f 451/445/24 442/436/414 444/438/22
f 452/446/421 453/447/233 446/440/230
f 452/446/421 446/440/230 445/439/416
f 454/448/422 452/446/421 445/439/416
f 454/448/422 445/439/416 447/441/417
f 455/449/423 454/448/422 447/441/417
f 455/449/423 447/441/417 448/442/418
f 450/444/420 455/449/423 448/442/418
f 450/444/420 448/442/418 443/437/415
f 456/450/424 457/451/425 450/444/420
f 456/450/424 450/444/420 449/443/419
f 458/452/66 456/450/424 449/443/419
f 458/452/66 449/443/419 451/445/24
f 459/453/426 460/454/293 453/447/233
f 459/453/426 453/447/233 452/446/421
f 461/455/427 459/453/426 452/446/421
f 461/455/427 452/446/421 454/448/422
f 462/456/428 461/455/427 454/448/422
f 462/456/428 454/448/422 455/449/423
f 457/451/425 462/456/428 455/449/423
f 457/451/425 455/449/423 450/444/420
f 463/457/429 464/458/430 457/451/425
f 463/457/429 457/451/425 456/450/424
f 465/459/431 463/457/429 456/450/424
f 465/459/431 456/450/424 458/452/66
f 466/460/432 467/461/294 460/454/293
f 466/460/432 460/454/293 459/453/426
f 468/462/433 466/460/432 459/453/426
f 468/462/433 459/453/426 461/455/427
f 469/463/434 468/462/433 461/455/427
f 469/463/434 461/455/427 462/456/428
f 464/458/430 469/463/434 462/456/428
f 464/458/430 462/456/428 457/451/425
f 470/464/435 471/465/436 464/458/430
f 470/464/435 464/458/430 463/457/429
f 472/466/70 470/464/435 463/457/429
f 472/466/70 463/457/429 465/459/431
f 473/467/437 474/468/295 467/461/294
f 473/467/437 467/461/294 466/460/432
f 475/469/438 473/467/437 466/460/432
f 475/469/438 466/460/432 468/462/433
f 476/470/439 475/469/438 468/462/433
f 476/470/439 468/462/433 469/463/434
f 471/465/436 476/470/439 469/463/434
f 471/465/436 469/463/434 464/458/430
f 477/471/440 478/472/441 471/465/436
f 477/471/440 471/465/436 470/464/435
f 479/473/71 477/471/440 470/464/435
f 479/473/71 470/464/435 472/466/70
f 480/474/442 481/475/296 474/468/295
f 480/474/442 474/468/295 473/467/437
f 482/476/443 480/474/442 473/467/437
f 482/476/443 473/467/437 475/469/438
f 483/477/444 482/476/443 475/469/438
f 483/477/444 475/469/438 476/470/439
f 478/472/441 483/477/444 476/470/439
f 478/472/441 476/470/439 471/465/436
f 484/478/445 485/479/446 478/472/441
f 484/478/445 478/472/441 477/471/440
f 486/480/72 484/478/445 477/471/440
f 486/480/72 477/471/440 479/473/71
f 487/481/447 488/482/297 481/475/296
f 487/481/447 481/475/296 480/474/442
f 489/483/448 487/481/447 480/474/442
f 489/483/448 480/474/442 482/476/443
f 490/484/449 489/483/448 482/476/443
f 490/484/449 482/476/443 483/477/444
f 485/479/446 490/484/449 483/477/444
f 485/479/446 483/477/444 478/472/441
f 491/485/450 492/486/451 485/479/446
f 491/485/450 485/479/446 484/478/445
f 493/487/90 491/485/450 484/478/445
f 493/487/90 484/478/445 486/480/72
f 494/488/452 495/489/334 488/482/297
f 494/488/452 488/482/297 487/481/447
f 496/490/453 494/488/452 487/481/447
f 496/490/453 487/481/447 489/483/448
f 497/491/454 496/490/453 489/483/448
f 497/491/454 489/483/448 490/484/449
f 492/486/451 497/491/454 490/484/449
f 492/486/451 490/484/449 485/479/446
f 498/492/455 499/493/456 492/486/451
f 498/492/455 492/486/451 491/485/450
f 500/494/92 498/492/455 491/485/450
f 500/494/92 491/485/450 493/487/90
f 501/495/457 502/496/336 495/489/334
f 501/495/457 495/489/334 494/488/452
f 503/497/458 501/495/457 494/488/452
f 503/497/458 494/488/452 496/490/453
f 504/498/459 503/497/458 496/490/453
f 504/498/459 496/490/453 497/491/454
f 499/493/456 504/498/459 497/491/454
f 499/493/456 497/491/454 492/486/451
f 505/499/460 506/500/461 499/493/456
f 505/499/460 499/493/456 498/492/455
f 507/501/462 505/499/460 498/492/455
f 507/501/462 498/492/455 500/494/92
f 508/502/463 509/503/338 502/496/336
f 508/502/463 502/496/336 501/495/457
f 510/504/464 508/502/463 501/495/457
f 510/504/464 501/495/457 503/497/458
f 511/505/465 510/504/464 503/497/458
f 511/505/465 503/497/458 504/498/459
f 506/500/461 511/505/465 504/498/459
f 506/500/461 504/498/459 499/493/456
f 512/506/466 513/507/467 506/500/461
f 512/506/466 506/500/461 505/499/460
f 514/508/96 512/506/466 505/499/460
f 514/508/96 505/499/460 507/501/462
f 515/509/468 516/510/340 509/503/338
f 515/509/468 509/503/338 508/502/463
f 517/511/469 515/509/468 508/502/463
f 517/511/469 508/502/463 510/504/464
f 518/512/470 517/511/469 510/504/464
f 518/512/470 510/504/464 511/505/465
f 513/507/467 518/512/470 511/505/465
f 513/507/467 511/505/465 506/500/461
f 519/513/471 520/514/472 513/507/467
f 519/513/471 513/507/467 512/506/466
f 521/515/98 519/513/471 512/506/466
f 521/515/98 512/506/466 514/508/96
f 522/516/473 523/517/342 516/510/340
f 522/516/473 516/510/340 515/509/468
f 524/518/474 522/516/473 515/509/468
f 524/518/474 515/509/468 517/511/469
f 525/519/475 524/518/474 517/511/469
f 525/519/475 517/511/469 518/512/470
f 520/514/472 525/519/475 518/512/470
f 520/514/472 518/512/470 513/507/467
f 339/333/323 345/339/329 340/334/324
f 340/334/324 345/339/329 346/340/330
f 340/334/324 346/340/330 341/335/325
f 341/335/325 346/340/330 347/341/331
f 341/335/325 347/341/331 342/336/326
f 342/336/326 347/341/331 348/342/332
f 342/336/326 348/342/332 343/337/327
f 343/337/327 348/342/332 349/343/333
f 343/337/327 349/343/333 344/338/328
f 344/338/328 349/343/333 386/380/370
f 344/338/328 386/380/370 380/374/364
f 380/374/364 386/380/370 388/382/372
f 380/374/364 388/382/372 381/375/365
f 381/375/365 388/382/372 390/384/374
f 381/375/365 390/384/374 382/376/366
f 382/376/366 390/384/374 392/386/376
f 382/376/366 392/386/376 383/377/367
f 383/377/367 392/386/376 394/388/378
f 383/377/367 394/388/378 384/378/368
f 226/220/210 526/520/476 527/521/477
f 226/220/210 527/521/477 227/221/211
f 227/221/211 527/521/477 528/522/478
f 227/221/211 528/522/478 230/224/214
f 526/520/476 529/523/479 530/524/480
f 526/520/476 530/524/480 527/521/477
f 527/521/477 530/524/480 531/525/481
f 527/521/477 531/525/481 528/522/478
f 529/523/479 532/526/482 533/527/483
f 529/523/479 533/527/483 530/524/480
f 530/524/480 533/527/483 534/528/484
f 530/524/480 534/528/484 531/525/481
f 533/527/483 532/526/482 535/529/485
f 533/527/483 535/529/485 536/530/486
f 534/528/484 533/527/483 536/530/486
f 534/528/484 536/530/486 537/531/487
f 536/530/486 535/529/485 538/532/488
f 536/530/486 538/532/488 539/533/489
f 537/531/487 536/530/486 539/533/489
f 537/531/487 539/533/489 540/534/490
f 539/533/489 538/532/488 541/535/491
f 539/533/489 541/535/491 542/536/492
f 540/534/490 539/533/489 542/536/492
f 540/534/490 542/536/492 543/537/493
f 542/536/492 541/535/491 544/538/494
f 542/536/492 544/538/494 545/539/495
f 543/537/493 542/536/492 545/539/495
f 543/537/493 545/539/495 546/540/496
f 250/244/234 547/541/497 526/520/476
f 250/244/234 526/520/476 226/220/210
f 547/541/497 548/542/498 529/523/479
f 547/541/497 529/523/479 526/520/476
f 549/543/499 532/526/482 529/523/479
f 549/543/499 529/523/479 548/542/498
f 550/544/500 535/529/485 532/526/482
f 550/544/500 532/526/482 549/543/499
f 551/545/501 538/532/488 535/529/485
f 551/545/501 535/529/485 550/544/500
f 552/546/502 541/535/491 538/532/488
f 552/546/502 538/532/488 551/545/501
f 552/546/502 553/547/503 544/538/494
f 552/546/502 544/538/494 541/535/491
f 258/252/242 554/548/504 547/541/497
f 258/252/242 547/541/497 250/244/234
f 554/548/504 555/549/505 548/542/498
f 554/548/504 548/542/498 547/541/497
f 548/542/498 555/549/505 556/550/506
f 548/542/498 556/550/506 549/543/499
f 549/543/499 556/550/506 557/551/507
f 549/543/499 557/551/507 550/544/500
f 550/544/500 557/551/507 558/552/508
f 550/544/500 558/552/508 551/545/501
f 551/545/501 558/552/508 559/553/509
f 551/545/501 559/553/509 552/546/502
f 559/553/509 560/554/510 553/547/503
f 559/553/509 553/547/503 552/546/502
f 266/260/250 561/555/511 554/548/504
f 266/260/250 554/548/504 258/252/242
f 561/555/511 562/556/512 555/549/505
f 561/555/511 555/549/505 554/548/504
f 562/556/512 563/557/513 556/550/506
f 562/556/512 556/550/506 555/549/505
f 564/558/514 557/551/507 556/550/506
f 564/558/514 556/550/506 563/557/513
f 564/558/514 565/559/515 558/552/508
f 564/558/514 558/552/508 557/551/507
f 566/560/516 559/553/509 558/552/508
f 566/560/516 558/552/508 565/559/515
f 566/560/516 567/561/517 560/554/510
f 566/560/516 560/554/510 559/553/509
f 274/268/258 568/562/518 561/555/511
f 274/268/258 561/555/511 266/260/250
f 568/562/518 569/563/519 562/556/512
f 568/562/518 562/556/512 561/555/511
f 277/271/261 570/564/520 568/562/518
f 277/271/261 568/562/518 274/268/258
f 279/273/263 571/565/521 280/274/264
f 280/274/264 571/565/521 570/564/520
f 280/274/264 570/564/520 277/271/261
f 279/273/263 572/566/522 571/565/521
f 279/273/263 573/567/523 572/566/522
f 279/273/263 574/568/524 573/567/523
f 279/273/263 575/569/525 574/568/524
f 279/273/263 576/570/526 575/569/525
f 279/273/263 577/571/527 576/570/526
f 571/565/521 572/566/522 578/572/528
f 571/565/521 578/572/528 570/564/520
f 578/572/528 572/566/522 573/567/523
f 578/572/528 573/567/523 579/573/529
f 570/564/520 578/572/528 569/563/519
f 570/564/520 569/563/519 568/562/518
f 579/573/529 580/574/530 569/563/519
f 579/573/529 569/563/519 578/572/528
f 569/563/519 580/574/530 563/557/513
f 569/563/519 563/557/513 562/556/512
f 577/571/527 581/575/531 582/576/532
f 577/571/527 582/576/532 576/570/526
f 583/577/533 582/576/532 581/575/531
f 583/577/533 581/575/531 584/578/534
f 583/577/533 584/578/534 567/561/517
f 583/577/533 567/561/517 566/560/516
f 565/559/515 585/579/535 583/577/533
f 565/559/515 583/577/533 566/560/516
f 586/580/536 585/579/535 565/559/515
f 586/580/536 565/559/515 564/558/514
f 586/580/536 564/558/514 563/557/513
f 586/580/536 563/557/513 580/574/530
f 579/573/529 573/567/523 574/568/524
f 579/573/529 574/568/524 587/581/537
f 587/581/537 574/568/524 575/569/525
f 587/581/537 575/569/525 588/582/538
f 588/582/538 575/569/525 576/570/526
f 588/582/538 576/570/526 582/576/532
f 580/574/530 579/573/529 587/581/537
f 580/574/530 587/581/537 586/580/536
f 586/580/536 587/581/537 588/582/538
f 586/580/536 588/582/538 585/579/535
f 585/579/535 588/582/538 582/576/532
f 585/579/535 582/576/532 583/577/533
f 544/538/494 589/583/539 590/584/540
f 544/538/494 590/584/540 545/539/495
f 589/583/539 591/585/541 592/586/542
f 589/583/539 592/586/542 590/584/540
f 591/585/541 593/587/543 594/588/544
f 591/585/541 594/588/544 592/586/542
f 594/588/544 593/587/543 595/589/545
f 594/588/544 595/589/545 596/590/546
f 596/590/546 595/589/545 597/591/547
f 596/590/546 597/591/547 598/592/548
f 545/539/495 590/584/540 599/593/549
f 545/539/495 599/593/549 546/540/496
f 590/584/540 592/586/542 600/594/550
f 590/584/540 600/594/550 599/593/549
f 592/586/542 594/588/544 601/595/551
f 592/586/542 601/595/551 600/594/550
f 601/595/551 594/588/544 596/590/546
f 601/595/551 596/590/546 602/596/552
f 602/596/552 596/590/546 598/592/548
f 602/596/552 598/592/548 603/597/553
f 553/547/503 604/598/554 589/583/539
f 553/547/503 589/583/539 544/538/494
f 604/598/554 605/599/555 591/585/541
f 604/598/554 591/585/541 589/583/539
f 605/599/555 606/600/556 593/587/543
f 605/599/555 593/587/543 591/585/541
f 593/587/543 606/600/556 607/601/557
f 593/587/543 607/601/557 595/589/545
f 607/601/557 608/602/558 597/591/547
f 607/601/557 597/591/547 595/589/545
f 560/554/510 609/603/559 604/598/554
f 560/554/510 604/598/554 553/547/503
f 609/603/559 610/604/560 605/599/555
f 609/603/559 605/599/555 604/598/554
f 610/604/560 611/605/561 606/600/556
f 610/604/560 606/600/556 605/599/555
f 612/606/562 607/601/557 606/600/556
f 612/606/562 606/600/556 611/605/561
f 612/606/562 613/607/563 608/602/558
f 612/606/562 608/602/558 607/601/557
f 279/273/263 614/608/564 577/571/527
f 279/273/263 615/609/565 614/608/564
f 279/273/263 616/610/566 615/609/565
f 279/273/263 617/611/567 616/610/566
f 279/273/263 618/612/568 617/611/567
f 581/575/531 577/571/527 614/608/564
f 581/575/531 614/608/564 619/613/569
f 614/608/564 615/609/565 620/614/570
f 614/608/564 620/614/570 619/613/569
f 615/609/565 616/610/566 621/615/571
f 615/609/565 621/615/571 620/614/570
f 621/615/571 616/610/566 617/611/567
f 621/615/571 617/611/567 622/616/572
f 617/611/567 618/612/568 623/617/573
f 617/611/567 623/617/573 622/616/572
f 584/578/534 581/575/531 619/613/569
f 584/578/534 619/613/569 624/618/574
f 619/613/569 620/614/570 625/619/575
f 619/613/569 625/619/575 624/618/574
f 620/614/570 621/615/571 626/620/576
f 620/614/570 626/620/576 625/619/575
f 626/620/576 621/615/571 622/616/572
f 626/620/576 622/616/572 627/621/577
f 622/616/572 623/617/573 628/622/578
f 622/616/572 628/622/578 627/621/577
f 629/623/579 630/624/580 567/561/517
f 629/623/579 567/561/517 624/618/574
f 584/578/534 624/618/574 567/561/517
f 624/618/574 625/619/575 631/625/581
f 624/618/574 631/625/581 629/623/579
f 625/619/575 626/620/576 632/626/582
f 625/619/575 632/626/582 631/625/581
f 632/626/582 626/620/576 627/621/577
f 632/626/582 627/621/577 633/627/583
f 627/621/577 628/622/578 634/628/584
f 627/621/577 634/628/584 633/627/583
f 630/624/580 635/629/585 609/603/559
f 630/624/580 609/603/559 567/561/517
f 567/561/517 609/603/559 560/554/510
f 635/629/585 636/630/586 610/604/560
f 635/629/585 610/604/560 609/603/559
f 636/630/586 637/631/587 611/605/561
f 636/630/586 611/605/561 610/604/560
f 611/605/561 637/631/587 638/632/588
f 611/605/561 638/632/588 612/606/562
f 638/632/588 639/633/589 613/607/563
f 638/632/588 613/607/563 612/606/562
f 603/597/553 598/592/548 640/634/590
f 603/597/553 640/634/590 641/635/591
f 641/635/591 640/634/590 642/636/592
f 641/635/591 642/636/592 643/637/593
f 643/637/593 642/636/592 644/638/594
f 643/637/593 644/638/594 645/639/595
f 645/639/595 644/638/594 646/640/596
f 645/639/595 646/640/596 647/641/597
f 647/641/597 646/640/596 359/353/343
f 647/641/597 359/353/343 358/352/342
f 598/592/548 597/591/547 648/642/598
f 598/592/548 648/642/598 640/634/590
f 640/634/590 648/642/598 649/643/599
f 640/634/590 649/643/599 642/636/592
f 642/636/592 649/643/599 650/644/600
f 642/636/592 650/644/600 644/638/594
f 644/638/594 650/644/600 651/645/601
f 644/638/594 651/645/601 646/640/596
f 646/640/596 651/645/601 364/358/348
f 646/640/596 364/358/348 359/353/343
f 279/273/263 652/646/602 618/612/568
f 279/273/263 653/647/603 652/646/602
f 279/273/263 654/648/604 653/647/603
f 279/273/263 655/649/605 654/648/604
f 279/273/263 369/363/353 655/649/605
f 623/617/573 618/612/568 652/646/602
f 623/617/573 652/646/602 656/650/606
f 656/650/606 652/646/602 653/647/603
f 656/650/606 653/647/603 657/651/607
f 657/651/607 653/647/603 654/648/604
f 657/651/607 654/648/604 658/652/608
f 654/648/604 655/649/605 659/653/609
f 654/648/604 659/653/609 658/652/608
f 659/653/609 655/649/605 369/363/353
f 659/653/609 369/363/353 374/368/358
f 628/622/578 623/617/573 656/650/606
f 628/622/578 656/650/606 660/654/610
f 660/654/610 656/650/606 657/651/607
f 660/654/610 657/651/607 661/655/611
f 661/655/611 657/651/607 658/652/608
f 661/655/611 658/652/608 662/656/612
f 658/652/608 659/653/609 663/657/613
f 658/652/608 663/657/613 662/656/612
f 663/657/613 659/653/609 374/368/358
f 663/657/613 374/368/358 379/373/363
f 634/628/584 628/622/578 660/654/610
f 634/628/584 660/654/610 664/658/614
f 664/658/614 660/654/610 661/655/611
f 664/658/614 661/655/611 665/659/615
f 665/659/615 661/655/611 662/656/612
f 665/659/615 662/656/612 666/660/616
f 662/656/612 663/657/613 667/661/617
f 662/656/612 667/661/617 666/660/616
f 667/661/617 663/657/613 379/373/363
f 667/661/617 379/373/363 384/378/368
f 613/607/563 639/633/589 668/662/618
f 613/607/563 668/662/618 669/663/619
f 669/663/619 668/662/618 670/664/620
f 669/663/619 670/664/620 671/665/621
f 671/665/621 670/664/620 672/666/622
f 671/665/621 672/666/622 673/667/623
f 672/666/622 674/668/624 675/669/625
f 672/666/622 675/669/625 673/667/623
f 675/669/625 674/668/624 394/388/378
f 675/669/625 394/388/378 393/387/377
f 597/591/547 608/602/558 676/670/626
f 597/591/547 676/670/626 648/642/598
f 648/642/598 676/670/626 677/671/627
f 648/642/598 677/671/627 649/643/599
f 649/643/599 677/671/627 678/672/628
f 649/643/599 678/672/628 650/644/600
f 650/644/600 678/672/628 679/673/629
f 650/644/600 679/673/629 651/645/601
f 651/645/601 679/673/629 399/393/383
f 651/645/601 399/393/383 364/358/348
f 608/602/558 613/607/563 669/663/619
f 608/602/558 669/663/619 676/670/626
f 676/670/626 669/663/619 671/665/621
f 676/670/626 671/665/621 677/671/627
f 677/671/627 671/665/621 673/667/623
f 677/671/627 673/667/623 678/672/628
f 679/673/629 678/672/628 673/667/623
f 679/673/629 673/667/623 675/669/625
f 679/673/629 675/669/625 393/387/377
f 679/673/629 393/387/377 399/393/383
f 680/674/630 681/675/387 682/676/386
f 680/674/630 682/676/386 683/677/631
f 684/678/116 685/679/12 681/675/387
f 684/678/116 681/675/387 680/674/630
f 686/680/632 687/681/389 688/682/214
f 686/680/632 688/682/214 689/683/478
f 690/684/633 691/685/391 687/681/389
f 690/684/633 687/681/389 686/680/632
f 692/686/634 693/687/393 691/685/391
f 692/686/634 691/685/391 690/684/633
f 683/677/631 682/676/386 693/687/393
f 683/677/631 693/687/393 692/686/634
f 694/688/635 680/674/630 683/677/631
f 694/688/635 683/677/631 695/689/636
f 696/690/118 684/678/116 680/674/630
f 696/690/118 680/674/630 694/688/635
f 697/691/637 686/680/632 689/683/478
f 697/691/637 689/683/478 698/692/481
f 699/693/638 690/684/633 686/680/632
f 699/693/638 686/680/632 697/691/637
f 700/694/639 692/686/634 690/684/633
f 700/694/639 690/684/633 699/693/638
f 695/689/636 683/677/631 692/686/634
f 695/689/636 692/686/634 700/694/639
f 701/695/640 694/688/635 695/689/636
f 701/695/640 695/689/636 702/696/641
f 703/697/120 696/690/118 694/688/635
f 703/697/120 694/688/635 701/695/640
f 704/698/642 697/691/637 698/692/481
f 704/698/642 698/692/481 705/699/643
f 706/700/644 699/693/638 697/691/637
f 706/700/644 697/691/637 704/698/642
f 707/701/645 700/694/639 699/693/638
f 707/701/645 699/693/638 706/700/644
f 702/696/641 695/689/636 700/694/639
f 702/696/641 700/694/639 707/701/645
f 708/702/646 701/695/640 702/696/641
f 708/702/646 702/696/641 709/703/647
f 710/704/122 703/697/120 701/695/640
f 710/704/122 701/695/640 708/702/646
f 711/705/648 704/698/642 705/699/643
f 711/705/648 705/699/643 712/706/487
f 713/707/649 706/700/644 704/698/642
f 713/707/649 704/698/642 711/705/648
f 714/708/650 707/701/645 706/700/644
f 714/708/650 706/700/644 713/707/649
f 709/703/647 702/696/641 707/701/645
f 709/703/647 707/701/645 714/708/650
f 715/709/651 708/702/646 709/703/647
f 715/709/651 709/703/647 716/710/652
f 717/711/124 710/704/122 708/702/646
f 717/711/124 708/702/646 715/709/651
f 718/712/653 711/705/648 712/706/487
f 718/712/653 712/706/487 719/713/490
f 720/714/654 713/707/649 711/705/648
f 720/714/654 711/705/648 718/712/653
f 721/715/655 714/708/650 713/707/649
f 721/715/655 713/707/649 720/714/654
f 716/710/652 709/703/647 714/708/650
f 716/710/652 714/708/650 721/715/655
f 722/716/656 715/709/651 716/710/652
f 722/716/656 716/710/652 723/717/657
f 724/718/126 717/711/124 715/709/651
f 724/718/126 715/709/651 722/716/656
f 725/719/658 718/712/653 719/713/490
f 725/719/658 719/713/490 726/720/493
f 727/721/659 720/714/654 718/712/653
f 727/721/659 718/712/653 725/719/658
f 728/722/660 721/715/655 720/714/654
f 728/722/660 720/714/654 727/721/659
f 723/717/657 716/710/652 721/715/655
f 723/717/657 721/715/655 728/722/660
f 729/723/661 722/716/656 723/717/657
f 729/723/661 723/717/657 730/724/662
f 731/725/128 724/718/126 722/716/656
f 731/725/128 722/716/656 729/723/661
f 732/726/663 725/719/658 726/720/493
f 732/726/663 726/720/493 733/727/496
f 734/728/664 727/721/659 725/719/658
f 734/728/664 725/719/658 732/726/663
f 735/729/665 728/722/660 727/721/659
f 735/729/665 727/721/659 734/728/664
f 730/724/662 723/717/657 728/722/660
f 730/724/662 728/722/660 735/729/665
f 736/730/666 729/723/661 730/724/662
f 736/730/666 730/724/662 737/731/667
f 738/732/165 731/725/128 729/723/661
f 738/732/165 729/723/661 736/730/666
f 739/733/668 732/726/663 733/727/496
f 739/733/668 733/727/496 740/734/549
f 741/735/669 734/728/664 732/726/663
f 741/735/669 732/726/663 739/733/668
f 742/736/670 735/729/665 734/728/664
f 742/736/670 734/728/664 741/735/669
f 737/731/667 730/724/662 735/729/665
f 737/731/667 735/729/665 742/736/670
f 743/737/671 736/730/666 737/731/667
f 743/737/671 737/731/667 744/738/672
f 745/739/167 738/732/165 736/730/666
f 745/739/167 736/730/666 743/737/671
f 746/740/673 739/733/668 740/734/549
f 746/740/673 740/734/549 747/741/550
f 748/742/674 741/735/669 739/733/668
f 748/742/674 739/733/668 746/740/673
f 749/743/675 742/736/670 741/735/669
f 749/743/675 741/735/669 748/742/674
f 744/738/672 737/731/667 742/736/670
f 744/738/672 742/736/670 749/743/675
f 750/744/676 743/737/671 744/738/672
f 750/744/676 744/738/672 751/745/677
f 752/746/169 745/739/167 743/737/671
f 752/746/169 743/737/671 750/744/676
f 753/747/678 746/740/673 747/741/550
f 753/747/678 747/741/550 754/748/551
f 755/749/679 748/742/674 746/740/673
f 755/749/679 746/740/673 753/747/678
f 756/750/680 749/743/675 748/742/674
f 756/750/680 748/742/674 755/749/679
f 751/745/677 744/738/672 749/743/675
f 751/745/677 749/743/675 756/750/680
f 757/751/681 750/744/676 751/745/677
f 757/751/681 751/745/677 758/752/682
f 759/753/171 752/746/169 750/744/676
f 759/753/171 750/744/676 757/751/681
f 760/754/683 753/747/678 754/748/551
f 760/754/683 754/748/551 761/755/552
f 762/756/684 755/749/679 753/747/678
f 762/756/684 753/747/678 760/754/683
f 763/757/685 756/750/680 755/749/679
f 763/757/685 755/749/679 762/756/684
f 758/752/682 751/745/677 756/750/680
f 758/752/682 756/750/680 763/757/685
f 764/758/686 757/751/681 758/752/682
f 764/758/686 758/752/682 765/759/687
f 766/760/172 759/753/171 757/751/681
f 766/760/172 757/751/681 764/758/686
f 767/761/688 760/754/683 761/755/552
f 767/761/688 761/755/552 768/762/553
f 769/763/689 762/756/684 760/754/683
f 769/763/689 760/754/683 767/761/688
f 770/764/690 763/757/685 762/756/684
f 770/764/690 762/756/684 769/763/689
f 765/759/687 758/752/682 763/757/685
f 765/759/687 763/757/685 770/764/690
f 771/765/691 764/758/686 765/759/687
f 771/765/691 765/759/687 772/766/692
f 773/767/189 766/760/172 764/758/686
f 773/767/189 764/758/686 771/765/691
f 774/768/693 767/761/688 768/762/553
f 774/768/693 768/762/553 775/769/591
f 776/770/694 769/763/689 767/761/688
f 776/770/694 767/761/688 774/768/693
f 777/771/695 770/764/690 769/763/689
f 777/771/695 769/763/689 776/770/694
f 772/766/692 765/759/687 770/764/690
f 772/766/692 770/764/690 777/771/695
f 778/772/696 771/765/691 772/766/692
f 778/772/696 772/766/692 779/773/697
f 780/774/191 773/767/189 771/765/691
f 780/774/191 771/765/691 778/772/696
f 781/775/698 774/768/693 775/769/591
f 781/775/698 775/769/591 782/776/593
f 783/777/699 776/770/694 774/768/693
f 783/777/699 774/768/693 781/775/698
f 784/778/700 777/771/695 776/770/694
f 784/778/700 776/770/694 783/777/699
f 779/773/697 772/766/692 777/771/695
f 779/773/697 777/771/695 784/778/700
f 785/779/701 778/772/696 779/773/697
f 785/779/701 779/773/697 786/780/702
f 787/781/193 780/774/191 778/772/696
f 787/781/193 778/772/696 785/779/701
f 788/782/703 781/775/698 782/776/593
f 788/782/703 782/776/593 789/783/595
f 790/784/704 783/777/699 781/775/698
f 790/784/704 781/775/698 788/782/703
f 791/785/705 784/778/700 783/777/699
f 791/785/705 783/777/699 790/784/704
f 786/780/702 779/773/697 784/778/700
f 786/780/702 784/778/700 791/785/705
f 792/786/706 785/779/701 786/780/702
f 792/786/706 786/780/702 793/787/707
f 794/788/195 787/781/193 785/779/701
f 794/788/195 785/779/701 792/786/706
f 795/789/708 788/782/703 789/783/595
f 795/789/708 789/783/595 796/790/597
f 797/791/709 790/784/704 788/782/703
f 797/791/709 788/782/703 795/789/708
f 798/792/710 791/785/705 790/784/704
f 798/792/710 790/784/704 797/791/709
f 793/787/707 786/780/702 791/785/705
f 793/787/707 791/785/705 798/792/710
f 519/513/471 792/786/706 793/787/707
f 519/513/471 793/787/707 520/514/472
f 521/515/98 794/788/195 792/786/706
f 521/515/98 792/786/706 519/513/471
f 522/516/473 795/789/708 796/790/597
f 522/516/473 796/790/597 523/517/342
f 524/518/474 797/791/709 795/789/708
f 524/518/474 795/789/708 522/516/473
f 525/519/475 798/792/710 797/791/709
f 525/519/475 797/791/709 524/518/474
f 520/514/472 793/787/707 798/792/710
f 520/514/472 798/792/710 525/519/475
f 630/624/580 629/623/579 635/629/585
f 629/623/579 631/625/581 636/630/586
f 629/623/579 636/630/586 635/629/585
f 631/625/581 632/626/582 637/631/587
f 631/625/581 637/631/587 636/630/586
f 632/626/582 633/627/583 638/632/588
f 632/626/582 638/632/588 637/631/587
f 633/627/583 634/628/584 639/633/589
f 633/627/583 639/633/589 638/632/588
f 634/628/584 664/658/614 668/662/618
f 634/628/584 668/662/618 639/633/589
f 664/658/614 665/659/615 670/664/620
f 664/658/614 670/664/620 668/662/618
f 665/659/615 666/660/616 672/666/622
f 665/659/615 672/666/622 670/664/620
f 666/660/616 667/661/617 674/668/624
f 666/660/616 674/668/624 672/666/622
f 667/661/617 384/378/368 394/388/378
f 667/661/617 394/388/378 674/668/624
f 76/70/60 78/72/62 85/79/69
f 186/180/170 177/171/161 175/169/159
f 799/793/711 800/794/712 801/795/713
f 799/793/711 801/795/713 802/796/714
f 803/797/715 804/798/716 800/794/712
f 803/797/715 800/794/712 799/793/711
f 805/799/717 806/800/718 804/798/716
f 805/799/717 804/798/716 803/797/715
f 807/801/719 808/802/720 806/800/718
f 807/801/719 806/800/718 805/799/717
f 809/803/721 810/804/722 808/802/720
f 809/803/721 808/802/720 807/801/719
f 811/805/723 812/806/724 810/804/722
f 811/805/723 810/804/722 809/803/721
f 813/807/725 814/808/726 812/806/724
f 813/807/725 812/806/724 811/805/723
f 815/809/727 816/810/728 817/811/729
f 815/809/727 817/811/729 818/812/730
f 819/813/731 820/814/732 816/810/728
f 819/813/731 816/810/728 815/809/727
f 821/4/733 822/3/734 820/814/732
f 821/4/733 820/814/732 819/813/731
f 802/796/714 801/795/713 823/815/735
f 802/796/714 823/815/735 824/816/736
f 824/816/736 823/815/735 825/817/737
f 824/816/736 825/817/737 826/818/738
f 826/818/738 825/817/737 827/819/739
f 826/818/738 827/819/739 828/820/740
f 828/820/740 827/819/739 829/821/741
f 828/820/740 829/821/741 830/822/742
f 830/822/742 829/821/741 831/823/743
f 830/822/742 831/823/743 832/824/744
f 832/824/744 831/823/743 833/825/745
f 832/824/744 833/825/745 834/826/746
f 834/826/746 833/825/745 835/827/747
f 834/826/746 835/827/747 836/828/748
f 837/829/749 838/830/750 839/831/751
f 837/829/749 839/831/751 840/832/752
f 840/832/752 839/831/751 841/833/753
f 840/832/752 841/833/753 842/834/754
f 842/834/754 841/833/753 843/8/755
f 842/834/754 843/8/755 844/7/756
f 845/835/28 846/836/27 847/837/711
f 845/835/28 847/837/711 848/838/714
f 846/836/27 849/839/30 850/840/715
f 846/836/27 850/840/715 847/837/711
f 849/839/30 851/841/32 852/842/717
f 849/839/30 852/842/717 850/840/715
f 851/841/32 853/843/34 854/844/719
f 851/841/32 854/844/719 852/842/717
f 853/843/34 855/845/36 856/846/721
f 853/843/34 856/846/721 854/844/719
f 855/845/36 857/847/38 858/848/757
f 855/845/36 858/848/757 856/846/721
f 857/847/38 859/849/40 860/850/725
f 857/847/38 860/850/725 858/848/757
f 859/849/40 861/851/74 862/852/727
f 859/849/40 862/852/727 863/853/730
f 861/851/74 864/854/58 865/855/731
f 861/851/74 865/855/731 862/852/727
f 864/854/58 866/856/60 867/857/733
f 864/854/58 867/857/733 865/855/731
f 868/2/758 869/858/67 820/814/732
f 868/2/758 820/814/732 822/3/734
f 870/859/65 816/810/728 820/814/732
f 870/859/65 820/814/732 869/858/67
f 870/859/65 871/860/23 817/811/729
f 870/859/65 817/811/729 816/810/728
f 871/860/23 872/861/21 812/806/724
f 871/860/23 812/806/724 814/808/726
f 872/861/21 873/862/19 810/804/722
f 872/861/21 810/804/722 812/806/724
f 873/862/19 874/863/17 808/802/720
f 873/862/19 808/802/720 810/804/722
f 874/863/17 875/864/759 806/800/718
f 874/863/17 806/800/718 808/802/720
f 875/864/759 876/865/13 804/798/716
f 875/864/759 804/798/716 806/800/718
f 876/865/13 877/866/10 800/794/712
f 876/865/13 800/794/712 804/798/716
f 877/866/10 878/867/9 801/795/713
f 877/866/10 801/795/713 800/794/712
f 878/867/9 879/868/117 823/815/735
f 878/867/9 823/815/735 801/795/713
f 879/868/117 880/869/119 825/817/737
f 879/868/117 825/817/737 823/815/735
f 880/869/119 881/870/121 827/819/739
f 880/869/119 827/819/739 825/817/737
f 882/871/123 829/821/741 827/819/739
f 882/871/123 827/819/739 881/870/121
f 883/872/125 831/823/743 829/821/741
f 883/872/125 829/821/741 882/871/123
f 884/873/127 833/825/745 831/823/743
f 884/873/127 831/823/743 883/872/125
f 884/873/127 885/874/129 835/827/747
f 884/873/127 835/827/747 833/825/745
f 885/874/129 886/875/166 839/831/751
f 885/874/129 839/831/751 838/830/750
f 886/875/166 887/876/168 841/833/753
f 886/875/166 841/833/753 839/831/751
f 887/876/168 888/5/170 843/8/755
f 887/876/168 843/8/755 841/833/753
f 889/877/159 890/878/158 891/879/754
f 889/877/159 891/879/754 892/880/756
f 890/878/158 893/881/173 894/882/760
f 890/878/158 894/882/760 891/879/754
f 893/881/173 895/883/142 896/884/761
f 893/881/173 896/884/761 894/882/760
f 895/883/142 897/885/141 898/886/746
f 895/883/142 898/886/746 899/887/748
f 897/885/141 900/888/139 901/889/744
f 897/885/141 901/889/744 898/886/746
f 900/888/139 902/890/137 903/891/742
f 900/888/139 903/891/742 901/889/744
f 902/890/137 904/892/135 905/893/740
f 902/890/137 905/893/740 903/891/742
f 904/892/135 906/894/132 907/895/738
f 904/892/135 907/895/738 905/893/740
f 906/894/132 908/896/130 909/897/736
f 906/894/132 909/897/736 907/895/738
f 908/896/130 845/835/28 848/838/714
f 908/896/130 848/838/714 909/897/736
f 859/849/40 863/853/730 860/850/725
f 871/860/23 814/808/726 817/811/729
f 817/811/729 814/808/726 813/807/725
f 817/811/729 813/807/725 818/812/730
f 885/874/129 838/830/750 835/827/747
f 895/883/142 899/887/748 896/884/761
f 837/829/749 836/828/748 835/827/747
f 837/829/749 835/827/747 838/830/750
f 910/898/762 911/899/763 912/900/764
f 910/898/762 912/900/764 913/901/765
f 914/902/766 915/903/767 911/899/763
f 914/902/766 911/899/763 910/898/762
f 916/904/768 917/905/769 915/903/767
f 916/904/768 915/903/767 914/902/766
f 918/906/770 919/907/771 917/905/769
f 918/906/770 917/905/769 916/904/768
f 920/908/772 921/909/773 919/907/771
f 920/908/772 919/907/771 918/906/770
f 922/910/774 923/911/775 921/909/773
f 922/910/774 921/909/773 920/908/772
f 924/912/776 925/913/777 923/911/775
f 924/912/776 923/911/775 922/910/774
f 926/914/778 927/915/779 925/913/777
f 926/914/778 925/913/777 924/912/776
f 928/916/780 929/917/781 927/915/779
f 928/916/780 927/915/779 926/914/778
f 930/918/782 931/919/783 929/917/781
f 930/918/782 929/917/781 928/916/780
f 932/920/784 933/921/785 931/919/783
f 932/920/784 931/919/783 930/918/782
f 934/922/786 935/923/787 933/921/785
f 934/922/786 933/921/785 932/920/784
f 936/924/788 937/925/789 935/923/787
f 936/924/788 935/923/787 934/922/786
f 938/926/790 939/927/791 937/925/789
f 938/926/790 937/925/789 936/924/788
f 939/927/791 938/926/790 940/928/792
f 939/927/791 940/928/792 941/929/793
f 913/901/765 912/900/764 941/929/793
f 913/901/765 941/929/793 940/928/792
f 937/925/789 933/921/785 935/923/787
f 942/930/766 943/931/794 944/932/795
f 923/911/775 912/900/764 911/899/763
f 923/911/775 911/899/763 921/909/773
f 927/915/779 929/917/781 923/911/775
f 927/915/779 923/911/775 925/913/777
f 929/917/781 931/919/783 939/927/791
f 929/917/781 939/927/791 941/929/793
f 921/909/773 911/899/763 915/903/767
f 921/909/773 915/903/767 919/907/771
f 912/900/764 923/911/775 929/917/781
f 912/900/764 929/917/781 941/929/793
f 919/907/771 915/903/767 917/905/769
f 931/919/783 933/921/785 937/925/789
f 931/919/783 937/925/789 939/927/791
f 945/933/784 946/934/788 947/935/786
f 943/931/794 942/930/766 948/936/762
f 943/931/794 948/936/762 949/937/796
f 950/938/776 951/939/797 952/940/798
f 950/938/776 952/940/798 953/941/799
f 945/933/784 954/942/782 955/943/790
f 945/933/784 955/943/790 946/934/788
f 948/936/762 956/944/765 951/939/797
f 948/936/762 951/939/797 949/937/796
f 952/940/798 957/945/792 955/943/790
f 952/940/798 955/943/790 954/942/782
f 952/940/798 951/939/797 956/944/765
f 952/940/798 956/944/765 957/945/792
f 958/946/800 959/947/801 960/948/802
f 958/946/800 960/948/802 961/949/803
f 959/947/801 962/950/804 963/951/805
f 959/947/801 963/951/805 960/948/802
f 964/952/806 965/953/807 966/954/808
f 964/952/806 966/954/808 967/955/809
f 965/953/807 968/956/810 969/957/811
f 965/953/807 969/957/811 966/954/808
f 970/958/812 971/959/813 972/960/814
f 970/958/812 972/960/814 973/961/815
f 973/961/815 972/960/814 974/962/816
f 973/961/815 974/962/816 975/963/817
f 976/964/818 977/965/819 978/966/820
f 976/964/818 978/966/820 979/967/821
f 979/967/821 978/966/820 980/968/822
f 979/967/821 980/968/822 981/969/823
f 982/970/800 983/971/824 971/959/813
f 982/970/800 971/959/813 970/958/812
f 984/972/803 985/973/825 972/960/814
f 984/972/803 972/960/814 971/959/813
f 985/973/825 986/974/805 974/962/816
f 985/973/825 974/962/816 972/960/814
f 987/975/809 988/976/826 978/966/820
f 987/975/809 978/966/820 977/965/819
f 988/976/826 989/977/827 980/968/822
f 988/976/826 980/968/822 978/966/820
f 990/978/811 991/979/828 981/969/823
f 990/978/811 981/969/823 980/968/822
f 992/980/829 993/981/830 979/967/821
f 992/980/829 979/967/821 981/969/823
f 993/981/830 994/982/831 976/964/818
f 993/981/830 976/964/818 979/967/821
f 995/983/804 996/984/832 973/961/815
f 995/983/804 973/961/815 975/963/817
f 996/984/832 997/985/800 970/958/812
f 996/984/832 970/958/812 973/961/815
f 998/986/833 963/951/805 962/950/804
f 998/986/833 962/950/804 999/987/834
f 1000/988/835 975/963/817 974/962/816
f 1000/988/835 974/962/816 1001/989/836
f 1001/989/836 974/962/816 986/974/805
f 1001/989/836 986/974/805 1002/990/833
f 1000/988/835 976/964/818 994/982/831
f 1000/988/835 994/982/831 1003/991/834
f 967/955/809 998/986/833 999/987/834
f 967/955/809 999/987/834 964/952/806
f 976/964/818 1000/988/835 1001/989/836
f 976/964/818 1001/989/836 977/965/819
f 977/965/819 1001/989/836 1002/990/833
f 977/965/819 1002/990/833 987/975/809
f 975/963/817 1000/988/835 1003/991/834
f 975/963/817 1003/991/834 995/983/804
s 0
f 1004/992/837 1005/993/837 1006/994/837
f 1004/992/837 1006/994/837 1007/995/837
f 1008/996/838 1009/997/838 1010/998/838
f 1008/996/838 1010/998/838 1011/999/838
f 1012/1000/837 1004/992/837 1007/995/837
f 1012/1000/837 1007/995/837 1013/1001/837
f 1014/1002/838 1008/996/838 1011/999/838
f 1014/1002/838 1011/999/838 1015/1003/838
f 1016/1004/837 1012/1000/837 1013/1001/837
f 1016/1004/837 1013/1001/837 1017/1005/837
f 1018/1006/838 1014/1002/838 1015/1003/838
f 1018/1006/838 1015/1003/838 1019/1007/838
f 1020/1008/837 1016/1004/837 1017/1005/837
f 1020/1008/837 1017/1005/837 1021/1009/837
f 1022/1010/838 1018/1006/838 1019/1007/838
f 1022/1010/838 1019/1007/838 1023/1011/838
f 1024/1012/837 1020/1008/837 1021/1009/837
f 1024/1012/837 1021/1009/837 1025/1013/837
f 1026/1014/838 1022/1010/838 1023/1011/838
f 1026/1014/838 1023/1011/838 1027/1015/838
f 1028/1016/837 1024/1012/837 1025/1013/837
f 1028/1016/837 1025/1013/837 1029/1017/837
f 1030/1018/838 1026/1014/838 1027/1015/838
f 1030/1018/838 1027/1015/838 1031/1019/838
f 1032/1020/837 1033/1021/837 1034/1022/837
f 1032/1020/837 1034/1022/837 1035/1023/837
f 1036/1024/838 1037/1025/838 1038/1026/838
f 1036/1024/838 1038/1026/838 1039/1027/838
f 1040/1028/837 1032/1020/837 1035/1023/837
f 1040/1028/837 1035/1023/837 1041/1029/837
f 1042/1030/838 1036/1024/838 1039/1027/838
f 1042/1030/838 1039/1027/838 1043/1031/838
s 1
f 1044/1032/839 1045/1033/840 1046/1034/840
f 1044/1032/839 1046/1034/840 1047/1035/839
f 1048/1036/841 1049/1037/842 1050/1038/842
f 1048/1036/841 1050/1038/842 1051/1039/841
f 1052/1040/843 1044/1032/839 1047/1035/839
f 1052/1040/843 1047/1035/839 1053/1041/843
f 1054/1042/844 1048/1036/841 1051/1039/841
f 1054/1042/844 1051/1039/841 1055/1043/844
f 1056/1044/845 1052/1040/843 1053/1041/843
f 1056/1044/845 1053/1041/843 1057/1045/845
f 1058/1046/846 1054/1042/844 1055/1043/844
f 1058/1046/846 1055/1043/844 1059/1047/847
f 1060/1048/848 1056/1044/845 1057/1045/845
f 1060/1048/848 1057/1045/845 1061/1049/848
f 1062/1050/849 1058/1046/846 1059/1047/847
f 1062/1050/849 1059/1047/847 1063/1051/850
f 1064/1052/851 1060/1048/848 1061/1049/848
f 1064/1052/851 1061/1049/848 1065/1053/851
f 1066/1054/852 1062/1050/849 1063/1051/850
f 1066/1054/852 1063/1051/850 1067/1055/852
f 1068/1056/853 1064/1052/851 1065/1053/851
f 1068/1056/853 1065/1053/851 1069/1057/854
f 1070/1058/855 1066/1054/852 1067/1055/852
f 1070/1058/855 1067/1055/852 1071/1059/855
f 1072/1060/856 1068/1056/853 1069/1057/854
f 1072/1060/856 1069/1057/854 1073/1061/856
f 1074/1062/857 1070/1058/855 1071/1059/855
f 1074/1062/857 1071/1059/855 1075/1063/857
f 1076/1064/858 1072/1060/856 1073/1061/856
f 1076/1064/858 1073/1061/856 1077/1065/858
f 1078/1066/859 1074/1062/857 1075/1063/857
f 1078/1066/859 1075/1063/857 1079/1067/859
f 1080/1068/860 1081/1069/861 1082/9/862
f 1080/1068/860 1082/9/862 1083/1070/863
f 1084/1071/864 1085/1072/865 1086/1073/866
f 1084/1071/864 1086/1073/866 1087/1074/867
f 1088/1075/868 1089/1076/869 1090/1077/870
f 1088/1075/868 1090/1077/870 1091/1078/871
f 1092/1079/872 1093/1080/873 1094/1081/874
f 1092/1079/872 1094/1081/874 1095/1082/875
f 1096/1083/876 1097/1084/877 1098/1085/878
f 1096/1083/876 1098/1085/878 1099/1086/879
f 1100/1087/880 1101/1088/881 1102/1089/882
f 1100/1087/880 1102/1089/882 1103/1090/883
f 1104/1091/884 1105/1092/885 1106/1093/886
f 1104/1091/884 1106/1093/886 1107/1094/887
f 1108/1095/888 1109/1096/889 1110/1097/890
f 1108/1095/888 1110/1097/890 1111/1098/891
f 1112/1099/892 1113/1100/893 1114/1101/894
f 1112/1099/892 1114/1101/894 1115/1102/895
f 1111/1098/891 1110/1097/890 1113/1100/893
f 1111/1098/891 1113/1100/893 1112/1099/892
f 1083/1070/863 1116/1103/896 1117/1104/897
f 1083/1070/863 1117/1104/897 1080/1068/860
f 1118/1105/898 1119/1106/899 1120/1107/900
f 1118/1105/898 1120/1107/900 1121/1108/901
f 1122/1109/902 1123/1110/903 1124/1111/904
f 1122/1109/902 1124/1111/904 1125/1112/905
f 1126/1113/906 1127/1114/907 1128/1115/908
f 1126/1113/906 1128/1115/908 1129/1116/909
f 1130/1117/910 1131/1118/911 1101/1088/881
f 1130/1117/910 1101/1088/881 1100/1087/880
f 1103/1090/883 1102/1089/882 1105/1092/885
f 1103/1090/883 1105/1092/885 1104/1091/884
f 1107/1094/887 1106/1093/886 1109/1096/889
f 1107/1094/887 1109/1096/889 1108/1095/888
f 1132/1119/912 1133/1120/913 1134/1121/914
f 1133/1120/913 1135/1122/915 1134/1121/914
f 1135/1122/915 1136/1123/916 1134/1121/914
f 1136/1123/916 1137/1124/917 1134/1121/914
f 1137/1124/917 1138/1125/918 1134/1121/914
f 1138/1125/918 1139/1126/919 1134/1121/914
f 1139/1126/919 1140/1127/920 1134/1121/914
f 1140/1127/920 1141/1128/921 1134/1121/914
f 1141/1128/921 1142/1129/922 1134/1121/914
f 1142/1129/922 1143/1130/923 1134/1121/914
f 1143/1130/923 1144/1131/924 1134/1121/914
f 1144/1131/924 1145/1132/925 1134/1121/914
f 1145/1132/925 1146/1133/926 1134/1121/914
f 1146/1133/926 1147/1134/927 1134/1121/914
f 1147/1134/927 1148/1135/928 1134/1121/914
f 1148/1135/928 1149/1136/929 1134/1121/914
f 1149/1136/929 1150/1137/930 1134/1121/914
f 1150/1137/930 1151/1138/931 1134/1121/914
f 1151/1138/931 1152/1139/932 1134/1121/914
f 1152/1139/932 1132/1119/912 1134/1121/914
f 1121/1108/901 1117/1104/897 1116/1103/896
f 1121/1108/901 1116/1103/896 1118/1105/898
f 1125/1112/905 1120/1107/900 1153/1140/899
f 1125/1112/905 1153/1140/899 1122/1109/902
f 1126/1113/906 1124/1111/904 1123/1110/903
f 1126/1113/906 1123/1110/903 1127/1114/907
f 1131/1118/911 1130/1117/910 1129/1116/909
f 1131/1118/911 1129/1116/909 1128/1115/908
f 1154/1141/933 1155/1142/934 1156/1143/935
f 1154/1141/933 1156/1143/935 1157/1144/936
f 1158/1145/937 1159/1146/938 1160/1147/939
f 1158/1145/937 1160/1147/939 1161/1148/940
f 1162/1149/941 1163/1150/942 1164/1151/943
f 1162/1149/941 1164/1151/943 1110/1097/890
f 1110/1097/890 1164/1151/943 1113/1100/893
f 1165/1152/944 1086/1073/866 1085/1072/865
f 1165/1152/944 1085/1072/865 1166/1153/945
f 1087/1074/867 1167/1154/868 1168/1155/871
f 1087/1074/867 1168/1155/871 1084/1071/864
f 1089/1076/869 1092/1079/872 1095/1082/875
f 1089/1076/869 1095/1082/875 1090/1077/870
f 1094/1081/874 1093/1080/873 1099/1086/879
f 1094/1081/874 1099/1086/879 1098/1085/878
f 1097/1084/877 1096/1083/876 1155/1142/934
f 1097/1084/877 1155/1142/934 1154/1141/933
f 1157/1144/936 1156/1143/935 1159/1146/938
f 1157/1144/936 1159/1146/938 1158/1145/937
f 1161/1148/940 1160/1147/939 1163/1150/942
f 1161/1148/940 1163/1150/942 1162/1149/941
f 1115/1102/895 1114/1101/894 1169/1156/946
f 1115/1102/895 1169/1156/946 1170/1157/947
f 1171/12/948 1172/11/949 1173/1158/950
f 1171/12/948 1173/1158/950 1174/1159/951
f 1175/1160/952 1173/1158/950 1172/11/949
f 1175/1160/952 1172/11/949 1176/14/953
f 1081/1069/861 1177/1161/954 1178/10/955
f 1081/1069/861 1178/10/955 1082/9/862
f 1177/1161/954 1179/1162/953 1180/13/956
f 1177/1161/954 1180/13/956 1178/10/955
f 1166/1153/945 1171/12/948 1174/1159/951
f 1166/1153/945 1174/1159/951 1165/1152/944
f 1181/1163/957 1182/1164/958 1183/15/959
f 1181/1163/957 1183/15/959 1184/1165/960
f 1185/1166/961 1186/1167/962 1187/1168/963
f 1185/1166/961 1187/1168/963 1188/1169/964
f 1189/1170/965 1190/1171/966 1191/1172/967
f 1189/1170/965 1191/1172/967 1192/1173/968
f 1193/1174/969 1194/1175/970 1195/1176/971
f 1193/1174/969 1195/1176/971 1196/1177/972
f 1197/1178/973 1198/1179/974 1199/1180/975
f 1197/1178/973 1199/1180/975 1200/1181/976
f 1201/1182/977 1202/1183/978 1203/1184/979
f 1201/1182/977 1203/1184/979 1204/1185/980
f 1205/1186/981 1206/1187/982 1207/1188/983
f 1205/1186/981 1207/1188/983 1208/1189/984
f 1209/1190/985 1210/1191/986 1211/1192/987
f 1209/1190/985 1211/1192/987 1212/1193/988
f 1213/1194/989 1214/1195/990 1215/1196/991
f 1213/1194/989 1215/1196/991 1216/1197/992
f 1210/1191/986 1213/1194/989 1216/1197/992
f 1210/1191/986 1216/1197/992 1211/1192/987
f 1182/1164/958 1181/1163/957 1217/1198/993
f 1182/1164/958 1217/1198/993 1218/1199/994
f 1219/1200/995 1220/1201/996 1221/1202/997
f 1219/1200/995 1221/1202/997 1222/1203/998
f 1223/1204/999 1224/1205/1000 1225/1206/1001
f 1223/1204/999 1225/1206/1001 1226/1207/1002
f 1227/1208/1003 1228/1209/1004 1229/1210/1005
f 1227/1208/1003 1229/1210/1005 1230/1211/1006
f 1231/1212/1007 1201/1182/977 1204/1185/980
f 1231/1212/1007 1204/1185/980 1232/1213/1008
f 1202/1183/978 1205/1186/981 1208/1189/984
f 1202/1183/978 1208/1189/984 1203/1184/979
f 1206/1187/982 1209/1190/985 1212/1193/988
f 1206/1187/982 1212/1193/988 1207/1188/983
f 1233/1214/1009 1234/1215/1010 1235/1216/1011
f 1235/1216/1011 1234/1215/1010 1236/1217/1012
f 1236/1217/1012 1234/1215/1010 1237/1218/1013
f 1237/1218/1013 1234/1215/1010 1238/1219/1014
f 1238/1219/1014 1234/1215/1010 1239/1220/1015
f 1239/1220/1015 1234/1215/1010 1240/1221/1016
f 1240/1221/1016 1234/1215/1010 1241/1222/1017
f 1241/1222/1017 1234/1215/1010 1242/1223/1018
f 1242/1223/1018 1234/1215/1010 1243/1224/1019
f 1243/1224/1019 1234/1215/1010 1244/1225/1020
f 1244/1225/1020 1234/1215/1010 1245/1226/1021
f 1245/1226/1021 1234/1215/1010 1246/1227/1022
f 1246/1227/1022 1234/1215/1010 1247/1228/1023
f 1247/1228/1023 1234/1215/1010 1248/1229/1024
f 1248/1229/1024 1234/1215/1010 1249/1230/1025
f 1249/1230/1025 1234/1215/1010 1250/1231/1026
f 1250/1231/1026 1234/1215/1010 1251/1232/1027
f 1251/1232/1027 1234/1215/1010 1252/1233/1028
f 1252/1233/1028 1234/1215/1010 1253/1234/1029
f 1253/1234/1029 1234/1215/1010 1233/1214/1009
f 1220/1201/996 1219/1200/995 1218/1199/994
f 1220/1201/996 1218/1199/994 1217/1198/993
f 1224/1205/1000 1223/1204/999 1254/1235/998
f 1224/1205/1000 1254/1235/998 1221/1202/997
f 1227/1208/1003 1230/1211/1006 1226/1207/1002
f 1227/1208/1003 1226/1207/1002 1225/1206/1001
f 1232/1213/1008 1229/1210/1005 1228/1209/1004
f 1232/1213/1008 1228/1209/1004 1231/1212/1007
f 1255/1236/1030 1256/1237/1031 1257/1238/1032
f 1255/1236/1030 1257/1238/1032 1258/1239/1033
f 1259/1240/1034 1260/1241/1035 1261/1242/1036
f 1259/1240/1034 1261/1242/1036 1262/1243/1037
f 1263/1244/1038 1211/1192/987 1264/1245/1039
f 1263/1244/1038 1264/1245/1039 1265/1246/1040
f 1211/1192/987 1216/1197/992 1264/1245/1039
f 1266/1247/1041 1267/1248/1042 1188/1169/964
f 1266/1247/1041 1188/1169/964 1187/1168/963
f 1186/1167/962 1185/1166/961 1268/1249/966
f 1186/1167/962 1268/1249/966 1269/1250/965
f 1192/1173/968 1191/1172/967 1194/1175/970
f 1192/1173/968 1194/1175/970 1193/1174/969
f 1195/1176/971 1199/1180/975 1198/1179/974
f 1195/1176/971 1198/1179/974 1196/1177/972
f 1200/1181/976 1255/1236/1030 1258/1239/1033
f 1200/1181/976 1258/1239/1033 1197/1178/973
f 1256/1237/1031 1259/1240/1034 1262/1243/1037
f 1256/1237/1031 1262/1243/1037 1257/1238/1032
f 1260/1241/1035 1263/1244/1038 1265/1246/1040
f 1260/1241/1035 1265/1246/1040 1261/1242/1036
f 1214/1195/990 1170/1157/947 1169/1156/946
f 1214/1195/990 1169/1156/946 1215/1196/991
f 1270/16/1043 1271/1251/1044 1272/1252/1045
f 1270/16/1043 1272/1252/1045 1273/17/1046
f 1175/1160/952 1176/14/953 1273/17/1046
f 1175/1160/952 1273/17/1046 1272/1252/1045
f 1184/1165/960 1183/15/959 1274/18/1047
f 1184/1165/960 1274/18/1047 1275/1253/1048
f 1275/1253/1048 1274/18/1047 1180/13/956
f 1275/1253/1048 1180/13/956 1179/1162/953
f 1267/1248/1042 1266/1247/1041 1271/1251/1044
f 1267/1248/1042 1271/1251/1044 1270/16/1043
f 1276/998/1049 1277/1254/1049 1278/1255/1049
f 1276/998/1049 1278/1255/1049 1279/993/1049
s 0
f 1280/1256/1050 1281/1257/1050 1282/1019/1050
f 1280/1256/1050 1282/1019/1050 1283/1016/1050
f 1284/1258/1051 1285/1025/1051 1286/1022/1051
f 1284/1258/1051 1286/1022/1051 1287/1259/1051
f 1288/1029/1052 1289/1030/1052 1290/1260/1052
f 1288/1029/1052 1290/1260/1052 1291/1261/1052
f 1292/1038/1053 1293/1037/1053 1294/1262/1053
f 1292/1038/1053 1294/1262/1053 1295/1263/1053
f 1296/1264/1054 1297/1066/1054 1298/1067/1054
f 1296/1264/1055 1298/1067/1055 1299/1265/1055
s 1
f 1300/1099/1056 1301/1102/1057 1302/1266/1058
f 1300/1099/1056 1302/1266/1058 1303/1267/1059
f 1301/1102/1057 1304/1268/1060 1305/1269/1061
f 1301/1102/1057 1305/1269/1061 1302/1266/1058
f 1306/1161/1062 1307/1270/1063 1305/1269/1061
f 1306/1161/1062 1305/1269/1061 1304/1268/1060
f 1308/1069/1064 1309/1068/1065 1310/1271/1066
f 1308/1069/1064 1310/1271/1066 1311/1272/1067
f 1309/1068/1065 1312/1104/1068 1313/1273/1069
f 1309/1068/1065 1313/1273/1069 1310/1271/1066
f 1312/1104/1068 1314/1108/1070 1315/1274/1071
f 1312/1104/1068 1315/1274/1071 1313/1273/1069
f 1314/1108/1070 1316/1107/1072 1317/1275/1073
f 1314/1108/1070 1317/1275/1073 1315/1274/1071
f 1316/1107/1072 1318/1112/1074 1319/1276/1075
f 1316/1107/1072 1319/1276/1075 1317/1275/1073
f 1318/1112/1074 1320/1111/1076 1321/1277/1077
f 1318/1112/1074 1321/1277/1077 1319/1276/1075
f 1320/1111/1076 1322/1113/1078 1323/1278/1078
f 1320/1111/1076 1323/1278/1078 1321/1277/1077
f 1322/1113/1078 1324/1116/1079 1325/1279/1080
f 1322/1113/1078 1325/1279/1080 1323/1278/1078
f 1324/1116/1079 1326/1117/1081 1327/1280/1082
f 1324/1116/1079 1327/1280/1082 1325/1279/1080
f 1326/1117/1081 1328/1087/1083 1329/1281/1084
f 1326/1117/1081 1329/1281/1084 1327/1280/1082
f 1328/1087/1083 1330/1090/1085 1331/1282/1086
f 1328/1087/1083 1331/1282/1086 1329/1281/1084
f 1330/1090/1085 1332/1091/1087 1333/1283/1088
f 1330/1090/1085 1333/1283/1088 1331/1282/1086
f 1332/1091/1087 1334/1094/1089 1335/1284/1090
f 1332/1091/1087 1335/1284/1090 1333/1283/1088
f 1334/1094/1089 1336/1095/1091 1337/1285/1092
f 1334/1094/1089 1337/1285/1092 1335/1284/1090
f 1336/1095/1091 1338/1098/1093 1339/1286/1094
f 1336/1095/1091 1339/1286/1094 1337/1285/1092
f 1338/1098/1093 1300/1099/1056 1303/1267/1059
f 1338/1098/1093 1303/1267/1059 1339/1286/1094
f 1308/1069/1064 1311/1272/1067 1307/1270/1063
f 1308/1069/1064 1307/1270/1063 1306/1161/1062
f 1340/1287/1095 1304/1268/1060 1301/1102/1057
f 1340/1287/1095 1301/1102/1057 1341/1157/1096
f 1340/1287/1095 1342/1162/1097 1306/1161/1062
f 1340/1287/1095 1306/1161/1062 1304/1268/1060
f 1343/1194/1098 1344/1288/1099 1345/1289/1100
f 1343/1194/1098 1345/1289/1100 1346/1195/1101
f 1346/1195/1101 1345/1289/1100 1347/1290/1102
f 1346/1195/1101 1347/1290/1102 1348/1291/1103
f 1349/1253/1104 1348/1291/1103 1347/1290/1102
f 1349/1253/1104 1347/1290/1102 1350/1292/1105
f 1351/1165/1106 1352/1293/1107 1353/1294/1108
f 1351/1165/1106 1353/1294/1108 1354/1163/1109
f 1354/1163/1109 1353/1294/1108 1355/1295/1110
f 1354/1163/1109 1355/1295/1110 1356/1198/1111
f 1356/1198/1111 1355/1295/1110 1357/1296/1112
f 1356/1198/1111 1357/1296/1112 1358/1201/1113
f 1358/1201/1113 1357/1296/1112 1359/1297/1114
f 1358/1201/1113 1359/1297/1114 1360/1202/1115
f 1360/1202/1115 1359/1297/1114 1361/1298/1116
f 1360/1202/1115 1361/1298/1116 1362/1205/1117
f 1362/1205/1117 1361/1298/1116 1363/1299/1118
f 1362/1205/1117 1363/1299/1118 1364/1206/1119
f 1364/1206/1119 1363/1299/1118 1365/1300/1120
f 1364/1206/1119 1365/1300/1120 1366/1208/1120
f 1366/1208/1120 1365/1300/1120 1367/1301/1121
f 1366/1208/1120 1367/1301/1121 1368/1209/1122
f 1368/1209/1122 1367/1301/1121 1369/1302/1123
f 1368/1209/1122 1369/1302/1123 1370/1212/1124
f 1370/1212/1124 1369/1302/1123 1371/1303/1125
f 1370/1212/1124 1371/1303/1125 1372/1182/1126
f 1372/1182/1126 1371/1303/1125 1373/1304/1127
f 1372/1182/1126 1373/1304/1127 1374/1183/1128
f 1374/1183/1128 1373/1304/1127 1375/1305/1129
f 1374/1183/1128 1375/1305/1129 1376/1186/1130
f 1376/1186/1130 1375/1305/1129 1377/1306/1131
f 1376/1186/1130 1377/1306/1131 1378/1187/1132
f 1378/1187/1132 1377/1306/1131 1379/1307/1133
f 1378/1187/1132 1379/1307/1133 1380/1190/1134
f 1380/1190/1134 1379/1307/1133 1381/1308/1135
f 1380/1190/1134 1381/1308/1135 1382/1191/1136
f 1382/1191/1136 1381/1308/1135 1344/1288/1099
f 1382/1191/1136 1344/1288/1099 1343/1194/1098
f 1351/1165/1106 1349/1253/1104 1350/1292/1105
f 1351/1165/1106 1350/1292/1105 1352/1293/1107
f 1340/1287/1095 1341/1157/1096 1346/1195/1101
f 1340/1287/1095 1346/1195/1101 1348/1291/1103
f 1340/1287/1095 1348/1291/1103 1349/1253/1104
f 1340/1287/1095 1349/1253/1104 1342/1162/1097
f 1383/999/1137 1384/998/1138 1385/993/1138
f 1383/999/1137 1385/993/1138 1386/992/1137
f 1387/995/1139 1388/994/1140 1389/1309/1140
f 1387/995/1139 1389/1309/1140 1390/1310/1139
f 1391/1003/1141 1383/999/1137 1386/992/1137
f 1391/1003/1141 1386/992/1137 1392/1000/1141
f 1393/1001/1142 1387/995/1139 1390/1310/1139
f 1393/1001/1142 1390/1310/1139 1394/1311/1142
f 1395/1007/1143 1391/1003/1141 1392/1000/1141
f 1395/1007/1143 1392/1000/1141 1396/1004/1143
f 1397/1005/1144 1393/1001/1142 1394/1311/1142
f 1397/1005/1144 1394/1311/1142 1398/1312/1144
f 1399/1011/1145 1395/1007/1143 1396/1004/1143
f 1399/1011/1145 1396/1004/1143 1400/1008/1146
f 1401/1009/1147 1397/1005/1144 1398/1312/1144
f 1401/1009/1147 1398/1312/1144 1402/1313/1147
f 1403/1015/1148 1399/1011/1145 1400/1008/1146
f 1403/1015/1148 1400/1008/1146 1404/1012/1148
f 1405/1013/1149 1401/1009/1147 1402/1313/1147
f 1405/1013/1149 1402/1313/1147 1406/1314/1149
f 1407/1019/1150 1403/1015/1148 1404/1012/1148
f 1407/1019/1150 1404/1012/1148 1408/1016/1150
f 1409/1017/1151 1405/1013/1149 1406/1314/1149
f 1409/1017/1151 1406/1314/1149 1410/1315/1151
f 1411/1027/1152 1412/1026/1153 1413/1316/1153
f 1411/1027/1152 1413/1316/1153 1414/1317/1152
f 1415/1023/1154 1416/1022/1155 1417/1025/1155
f 1415/1023/1154 1417/1025/1155 1418/1024/1154
f 1419/1031/1156 1411/1027/1152 1414/1317/1152
f 1419/1031/1156 1414/1317/1152 1420/1318/1156
f 1421/1029/1157 1415/1023/1154 1418/1024/1154
f 1421/1029/1157 1418/1024/1154 1422/1030/1157
f 1423/1039/1158 1424/1038/1159 1425/1033/1159
f 1423/1039/1158 1425/1033/1159 1426/1032/1158
f 1427/1319/1160 1428/1320/1161 1429/1037/1161
f 1427/1319/1160 1429/1037/1161 1430/1036/1160
f 1431/1043/1162 1423/1039/1158 1426/1032/1158
f 1431/1043/1162 1426/1032/1158 1432/1040/1162
f 1433/1321/1163 1427/1319/1160 1430/1036/1160
f 1433/1321/1163 1430/1036/1160 1434/1042/1163
f 1435/1047/1164 1431/1043/1162 1432/1040/1162
f 1435/1047/1164 1432/1040/1162 1436/1044/1164
f 1437/1322/1165 1433/1321/1163 1434/1042/1163
f 1437/1322/1165 1434/1042/1163 1438/1046/1165
f 1439/1051/1166 1435/1047/1164 1436/1044/1164
f 1439/1051/1166 1436/1044/1164 1440/1048/1167
f 1441/1323/1168 1437/1322/1165 1438/1046/1165
f 1441/1323/1168 1438/1046/1165 1442/1050/1169
f 1443/1055/1170 1439/1051/1166 1440/1048/1167
f 1443/1055/1170 1440/1048/1167 1444/1052/1171
f 1445/1324/1172 1441/1323/1168 1442/1050/1169
f 1445/1324/1172 1442/1050/1169 1446/1054/1172
f 1447/1059/1173 1443/1055/1170 1444/1052/1171
f 1447/1059/1173 1444/1052/1171 1448/1056/1173
f 1449/1325/1174 1445/1324/1172 1446/1054/1172
f 1449/1325/1174 1446/1054/1172 1450/1058/1174
f 1451/1063/1175 1447/1059/1173 1448/1056/1173
f 1451/1063/1175 1448/1056/1173 1452/1060/1175
f 1453/1326/1176 1449/1325/1174 1450/1058/1174
f 1453/1326/1176 1450/1058/1174 1454/1062/1176
f 1455/1067/1177 1451/1063/1175 1452/1060/1175
f 1455/1067/1177 1452/1060/1175 1456/1064/1177
f 1457/1327/1178 1453/1326/1176 1454/1062/1176
f 1457/1327/1178 1454/1062/1176 1458/1066/1178
f 1459/1267/1179 1460/1266/1180 1461/1120/1181
f 1459/1267/1179 1461/1120/1181 1462/1119/1182
f 1460/1266/1180 1463/1269/1183 1464/1122/1184
f 1460/1266/1180 1464/1122/1184 1461/1120/1181
f 1463/1269/1183 1465/1270/1185 1466/1123/1186
f 1463/1269/1183 1466/1123/1186 1464/1122/1184
f 1465/1270/1185 1467/1272/1187 1468/1124/1188
f 1465/1270/1185 1468/1124/1188 1466/1123/1186
f 1467/1272/1187 1469/1271/1189 1470/1125/1190
f 1467/1272/1187 1470/1125/1190 1468/1124/1188
f 1469/1271/1189 1471/1273/1191 1472/1126/1192
f 1469/1271/1189 1472/1126/1192 1470/1125/1190
f 1471/1273/1191 1473/1274/1193 1474/1127/1194
f 1471/1273/1191 1474/1127/1194 1472/1126/1192
f 1473/1274/1193 1475/1275/1195 1476/1128/1196
f 1473/1274/1193 1476/1128/1196 1474/1127/1194
f 1475/1275/1195 1477/1276/1197 1478/1129/1198
f 1475/1275/1195 1478/1129/1198 1476/1128/1196
f 1477/1276/1197 1479/1277/1199 1480/1130/1200
f 1477/1276/1197 1480/1130/1200 1478/1129/1198
f 1479/1277/1199 1481/1278/1201 1482/1131/1202
f 1479/1277/1199 1482/1131/1202 1480/1130/1200
f 1481/1278/1201 1483/1279/1203 1484/1132/1204
f 1481/1278/1201 1484/1132/1204 1482/1131/1202
f 1483/1279/1203 1485/1280/1205 1486/1133/1206
f 1483/1279/1203 1486/1133/1206 1484/1132/1204
f 1485/1280/1205 1487/1281/1207 1488/1134/1208
f 1485/1280/1205 1488/1134/1208 1486/1133/1206
f 1487/1281/1207 1489/1282/1209 1490/1135/1210
f 1487/1281/1207 1490/1135/1210 1488/1134/1208
f 1489/1282/1209 1491/1283/1211 1492/1136/1212
f 1489/1282/1209 1492/1136/1212 1490/1135/1210
f 1491/1283/1211 1493/1284/1213 1494/1137/1214
f 1491/1283/1211 1494/1137/1214 1492/1136/1212
f 1493/1284/1213 1495/1285/1215 1496/1138/1216
f 1493/1284/1213 1496/1138/1216 1494/1137/1214
f 1495/1285/1215 1497/1286/1217 1498/1139/1218
f 1495/1285/1215 1498/1139/1218 1496/1138/1216
f 1497/1286/1217 1459/1267/1179 1462/1119/1182
f 1497/1286/1217 1462/1119/1182 1498/1139/1218
f 1499/1097/1219 1500/1096/1220 1501/1149/1221
f 1500/1096/1220 1502/1093/1222 1503/1148/1223
f 1500/1096/1220 1503/1148/1223 1501/1149/1221
f 1502/1093/1222 1504/1092/1224 1505/1145/1225
f 1502/1093/1222 1505/1145/1225 1503/1148/1223
f 1504/1092/1224 1506/1089/1226 1507/1144/1227
f 1504/1092/1224 1507/1144/1227 1505/1145/1225
f 1506/1089/1226 1508/1088/1228 1509/1141/1229
f 1506/1089/1226 1509/1141/1229 1507/1144/1227
f 1508/1088/1228 1510/1118/1230 1511/1084/1231
f 1508/1088/1228 1511/1084/1231 1509/1141/1229
f 1510/1118/1230 1512/1115/1232 1513/1085/1233
f 1510/1118/1230 1513/1085/1233 1511/1084/1231
f 1514/1081/1234 1513/1085/1233 1512/1115/1232
f 1514/1081/1234 1512/1115/1232 1515/1114/1235
f 1515/1114/1235 1516/1110/1236 1517/1082/1237
f 1515/1114/1235 1517/1082/1237 1514/1081/1234
f 1516/1110/1236 1518/1109/1238 1519/1077/1239
f 1516/1110/1236 1519/1077/1239 1517/1082/1237
f 1518/1109/1238 1520/1140/1240 1521/1078/1241
f 1518/1109/1238 1521/1078/1241 1519/1077/1239
f 1522/1106/1242 1523/1105/1243 1524/1071/1244
f 1522/1106/1242 1524/1071/1244 1525/1155/1241
f 1523/1105/1243 1526/1103/1245 1527/1072/1246
f 1523/1105/1243 1527/1072/1246 1524/1071/1244
f 1526/1103/1245 1528/1070/1247 1529/1153/1248
f 1526/1103/1245 1529/1153/1248 1527/1072/1246
f 1528/1070/1247 1530/9/1249 1531/12/1250
f 1528/1070/1247 1531/12/1250 1529/1153/1248
f 1532/1288/1251 1533/1214/1252 1534/1216/1253
f 1532/1288/1251 1534/1216/1253 1535/1289/1254
f 1535/1289/1254 1534/1216/1253 1536/1217/1255
f 1535/1289/1254 1536/1217/1255 1537/1290/1256
f 1537/1290/1256 1536/1217/1255 1538/1218/1257
f 1537/1290/1256 1538/1218/1257 1539/1292/1258
f 1539/1292/1258 1538/1218/1257 1540/1219/1259
f 1539/1292/1258 1540/1219/1259 1541/1293/1260
f 1541/1293/1260 1540/1219/1259 1542/1220/1261
f 1541/1293/1260 1542/1220/1261 1543/1294/1262
f 1543/1294/1262 1542/1220/1261 1544/1221/1263
f 1543/1294/1262 1544/1221/1263 1545/1295/1264
f 1545/1295/1264 1544/1221/1263 1546/1222/1265
f 1545/1295/1264 1546/1222/1265 1547/1296/1266
f 1547/1296/1266 1546/1222/1265 1548/1223/1267
f 1547/1296/1266 1548/1223/1267 1549/1297/1268
f 1549/1297/1268 1548/1223/1267 1550/1224/1269
f 1549/1297/1268 1550/1224/1269 1551/1298/1270
f 1551/1298/1270 1550/1224/1269 1552/1225/1271
f 1551/1298/1270 1552/1225/1271 1553/1299/1272
f 1553/1299/1272 1552/1225/1271 1554/1226/1273
f 1553/1299/1272 1554/1226/1273 1555/1300/1274
f 1555/1300/1274 1554/1226/1273 1556/1227/1275
f 1555/1300/1274 1556/1227/1275 1557/1301/1276
f 1557/1301/1276 1556/1227/1275 1558/1228/1277
f 1557/1301/1276 1558/1228/1277 1559/1302/1278
f 1559/1302/1278 1558/1228/1277 1560/1229/1279
f 1559/1302/1278 1560/1229/1279 1561/1303/1280
f 1561/1303/1280 1560/1229/1279 1562/1230/1281
f 1561/1303/1280 1562/1230/1281 1563/1304/1282
f 1563/1304/1282 1562/1230/1281 1564/1231/1283
f 1563/1304/1282 1564/1231/1283 1565/1305/1284
f 1565/1305/1284 1564/1231/1283 1566/1232/1285
f 1565/1305/1284 1566/1232/1285 1567/1306/1286
f 1567/1306/1286 1566/1232/1285 1568/1233/1287
f 1567/1306/1286 1568/1233/1287 1569/1307/1288
f 1569/1307/1288 1568/1233/1287 1570/1234/1289
f 1569/1307/1288 1570/1234/1289 1571/1308/1290
f 1571/1308/1290 1570/1234/1289 1533/1214/1252
f 1571/1308/1290 1533/1214/1252 1532/1288/1251
f 1572/1192/1291 1573/1244/1292 1574/1193/1293
f 1574/1193/1293 1573/1244/1292 1575/1241/1294
f 1574/1193/1293 1575/1241/1294 1576/1188/1295
f 1576/1188/1295 1575/1241/1294 1577/1240/1296
f 1576/1188/1295 1577/1240/1296 1578/1189/1297
f 1578/1189/1297 1577/1240/1296 1579/1237/1298
f 1578/1189/1297 1579/1237/1298 1580/1184/1299
f 1580/1184/1299 1579/1237/1298 1581/1236/1300
f 1580/1184/1299 1581/1236/1300 1582/1185/1301
f 1582/1185/1301 1581/1236/1300 1583/1181/1302
f 1582/1185/1301 1583/1181/1302 1584/1213/1303
f 1584/1213/1303 1583/1181/1302 1585/1180/1304
f 1584/1213/1303 1585/1180/1304 1586/1210/1305
f 1587/1176/1306 1588/1211/1307 1586/1210/1305
f 1587/1176/1306 1586/1210/1305 1585/1180/1304
f 1588/1211/1307 1587/1176/1306 1589/1175/1308
f 1588/1211/1307 1589/1175/1308 1590/1207/1309
f 1590/1207/1309 1589/1175/1308 1591/1172/1310
f 1590/1207/1309 1591/1172/1310 1592/1204/1311
f 1592/1204/1311 1591/1172/1310 1593/1171/1312
f 1592/1204/1311 1593/1171/1312 1594/1235/1313
f 1595/1203/1314 1596/1249/1312 1597/1166/1315
f 1595/1203/1314 1597/1166/1315 1598/1200/1316
f 1598/1200/1316 1597/1166/1315 1599/1169/1317
f 1598/1200/1316 1599/1169/1317 1600/1199/1318
f 1600/1199/1318 1599/1169/1317 1601/1248/1319
f 1600/1199/1318 1601/1248/1319 1602/1164/1320
f 1602/1164/1320 1601/1248/1319 1603/16/1321
f 1602/1164/1320 1603/16/1321 1604/15/1322
